/****************************************************************************
** Resource object code
**
** Created by: The Resource Compiler for Qt version 6.9.1
**
** WARNING! All changes made in this file will be lost!
*****************************************************************************/

#ifdef _MSC_VER
// disable informational message "function ... selected for automatic inline expansion"
#pragma warning (disable: 4711)
#endif

static const unsigned char qt_resource_data[] = {
  // Main.qml
  0x0,0x0,0x8,0x14,
  0x0,
  0x0,0x20,0xd0,0x78,0xda,0xcd,0x59,0xdd,0x72,0xdb,0xb6,0x12,0xbe,0xcf,0x4c,0xde,
  0x1,0x61,0x67,0x5a,0xaa,0x96,0x69,0x8a,0x96,0xdb,0x1c,0xb9,0x4a,0x27,0x55,0x9a,
  0x4e,0x5a,0xa7,0x71,0xe3,0x9c,0x69,0x33,0x9d,0x33,0x67,0x20,0x12,0xa6,0x60,0x93,
  0x84,0x2,0x82,0x8a,0xd4,0x8e,0xdf,0xa2,0xf7,0xed,0x5d,0xc7,0x8f,0xd0,0x6b,0xbf,
  0xd0,0x79,0x84,0xb3,0xb,0xea,0x87,0x22,0x1,0xfd,0xa4,0xe9,0xb4,0xf2,0xc8,0x36,
  0x81,0xc5,0x62,0xf1,0xed,0xf,0x76,0x97,0x3c,0x1d,0xb,0xa9,0xc8,0x77,0xea,0xbb,
  0x82,0x87,0xd7,0x24,0xf0,0x3a,0x27,0xf7,0xef,0xf1,0xb5,0x41,0xef,0x7b,0x9e,0x45,
  0xe2,0xad,0x79,0x6e,0x20,0x32,0x25,0x45,0x92,0x9b,0x67,0xcf,0xe8,0x4c,0x14,0x2a,
  0x27,0x1d,0x3d,0x79,0xff,0xde,0x9c,0xd3,0xcf,0xf7,0xef,0x11,0xf8,0xf0,0xa8,0x47,
  0xa4,0x10,0xaa,0x7c,0x9a,0xf0,0x9c,0xf,0x13,0xd6,0x23,0x4a,0x16,0xac,0x1c,0x7a,
  0xcb,0x23,0x35,0xea,0x91,0x13,0xdf,0x2f,0x9f,0x47,0x8c,0xc7,0x23,0x5,0x3,0xff,
  0x9a,0xf,0x28,0xae,0x70,0x85,0xf3,0x35,0x2d,0x62,0x46,0xe8,0x84,0x85,0xe4,0x8c,
  0xa7,0x5c,0xb1,0x42,0x92,0x27,0xb3,0x8c,0xa6,0xfc,0x4d,0xc1,0x9c,0x92,0x36,0x14,
  0x89,0x90,0x40,0x3b,0x4c,0x68,0x78,0xed,0xa0,0x34,0x38,0x7a,0x74,0x44,0xe,0xf,
  0xf,0xc9,0xb9,0x14,0x63,0xc9,0xef,0x6e,0xd5,0xdd,0x6d,0x4e,0xe2,0x44,0xc,0x69,
  0xc2,0x72,0x9c,0x29,0xa9,0xc6,0x30,0xcd,0xa4,0x9a,0x11,0xc9,0x68,0x42,0xf2,0x31,
  0x63,0x20,0xba,0x6f,0x9a,0x4b,0xe9,0xf4,0x2,0xa7,0xbf,0x42,0x89,0x7a,0x24,0xe8,
  0x1a,0xa9,0xc2,0x42,0x4a,0x96,0x29,0x4d,0xa9,0x5,0x36,0x51,0xe,0x85,0x48,0x48,
  0xa2,0x8f,0x23,0xbf,0xcc,0x28,0x60,0x3,0x9b,0x5e,0xd2,0x24,0x67,0x26,0x42,0x1a,
  0x86,0x2c,0x61,0x92,0x2a,0x9e,0xc5,0x1b,0xc8,0x86,0x92,0x5e,0x5b,0x29,0xb4,0x6c,
  0x62,0xc2,0xa4,0xe4,0x11,0x7b,0x35,0x92,0x2c,0x1f,0x89,0x4,0x36,0xed,0x78,0xfe,
  0x46,0x4a,0x9e,0x32,0xa9,0xf1,0x58,0xc3,0x14,0x4c,0x23,0x63,0x53,0x2e,0x32,0x72,
  0xf7,0x1b,0x49,0x3e,0x12,0xc3,0x2b,0xa6,0xc8,0xe0,0xe0,0x60,0x5,0xab,0xa6,0x8,
  0x15,0x90,0xe4,0xb,0x9b,0xd0,0x5a,0xa5,0x32,0x66,0x0,0x49,0xbe,0x84,0xe7,0x25,
  0xa3,0x11,0x93,0x2b,0xa,0x91,0xad,0xa0,0x1b,0x8c,0x68,0x16,0x23,0x34,0x15,0xe,
  0xf8,0x41,0xcb,0xf2,0x1a,0x40,0x93,0x7e,0x83,0xad,0xb7,0x1a,0x38,0x5d,0x67,0x11,
  0x82,0x60,0x22,0x61,0x5e,0x22,0x62,0xd7,0x29,0xd,0x8b,0x44,0xb,0xb3,0x2,0xc,
  0xee,0x7e,0x2f,0xd0,0xfa,0xc8,0x81,0x65,0xb3,0x56,0x85,0xdf,0x4d,0x55,0xfa,0xb3,
  0x35,0xad,0x6e,0x3c,0xc1,0xba,0x1,0x98,0xc4,0x5f,0xa7,0xd8,0x7e,0x4,0xf0,0xd,
  0x14,0xd9,0x35,0xb1,0xff,0x9c,0x38,0x14,0x14,0x32,0xb9,0xbb,0x75,0x8,0x9c,0x2c,
  0x2,0x77,0x58,0x3c,0xb7,0xc,0xa7,0xb9,0x59,0xa8,0xfc,0xa9,0x8,0x8b,0xfc,0x22,
  0x4,0xeb,0xa8,0x1e,0x82,0x66,0xe1,0x48,0xc8,0xdc,0xbb,0xe4,0x49,0xd2,0x23,0x63,
  0x8a,0xe8,0xac,0x66,0x2f,0x71,0xcd,0xc2,0xdd,0x57,0xc3,0xdf,0xb0,0x59,0xee,0x89,
  0xec,0x1c,0xac,0x2f,0x47,0x50,0xd8,0x4,0x56,0x91,0xfe,0xa3,0x3a,0x3a,0xfc,0x92,
  0xb8,0x7a,0xce,0xbb,0x66,0x33,0xd2,0xef,0xf7,0x21,0xea,0x78,0xb0,0xf8,0xbf,0xff,
  0x1e,0xb7,0xea,0xb4,0x4b,0x34,0xab,0x5e,0x2,0x58,0xe2,0xde,0x35,0xc0,0x6e,0x8,
  0x3,0xc7,0xb0,0x73,0x7f,0x22,0xde,0x66,0x76,0xfe,0x73,0xf7,0x7a,0x37,0xd6,0x67,
  0x46,0xbe,0xe0,0x4d,0x2f,0xc6,0xe8,0x23,0x19,0x4b,0x40,0x27,0x5a,0x1d,0x4c,0x1e,
  0x2d,0x55,0xc3,0x24,0x49,0x44,0x8,0xf1,0x2a,0x45,0x9c,0xdc,0x31,0x2b,0x14,0xa1,
  0x45,0x9e,0x73,0x2,0x7b,0x70,0x49,0xa2,0x2,0x9d,0xae,0x65,0x11,0xb8,0x61,0x5e,
  0xf,0xc,0xc3,0xa7,0xcd,0xc5,0x66,0xbb,0x52,0x22,0x8e,0x93,0xbb,0x5b,0x88,0x82,
  0x59,0xc1,0x92,0x52,0xa4,0x8a,0x83,0xac,0x73,0x6d,0xd5,0xe1,0x59,0x33,0xaf,0x86,
  0x41,0xbc,0x4,0xc5,0xd1,0xbf,0xdc,0x22,0x74,0x58,0x3c,0xb5,0xd0,0xae,0x5,0x3c,
  0x20,0xf6,0xff,0x22,0xdb,0x31,0x9,0x71,0x63,0x77,0xbe,0x52,0x9c,0xa,0x5b,0x9e,
  0x1,0xca,0x13,0xa,0x3e,0x77,0xec,0xaf,0x46,0x65,0x91,0x65,0x3a,0xf4,0xaf,0x2e,
  0x58,0x3d,0xcc,0xc6,0x8c,0xaa,0xa6,0x1f,0x8a,0xec,0x95,0xe4,0x71,0xcc,0xa4,0x21,
  0x32,0xe1,0x9,0x1b,0xe8,0x19,0x4f,0xb6,0xa4,0xac,0x19,0xda,0x87,0x1f,0x96,0x87,
  0xd6,0xd1,0x8c,0x3c,0xea,0xdb,0x22,0xa8,0x89,0xa7,0x45,0x1f,0x7,0xfd,0xe5,0xc1,
  0xc9,0x11,0xe9,0xf8,0xbe,0xef,0xf9,0x6,0x4d,0xce,0x95,0xb4,0x3b,0xdf,0xa6,0x9e,
  0x6b,0xfa,0x58,0x7c,0x26,0x54,0x12,0x9e,0xbf,0x98,0x2f,0x26,0x7d,0x13,0xb3,0x47,
  0xf5,0xd1,0xc5,0x2d,0x7b,0x5a,0xc5,0xbe,0xca,0x31,0xaf,0xde,0x5d,0x36,0x2c,0x1f,
  0xac,0xf6,0x6d,0x41,0x10,0xb7,0xdc,0x7d,0x65,0xba,0xe5,0xad,0xe5,0x28,0x36,0x5b,
  0x2f,0x15,0xd3,0x27,0xcf,0xa9,0x1a,0x79,0x29,0xcf,0xdc,0xca,0xe8,0x1,0x64,0x4,
  0x27,0xed,0x8a,0x64,0x2d,0xbb,0x23,0x54,0x4d,0xdb,0x6e,0xfb,0xeb,0xbb,0xd1,0x69,
  0x75,0xb7,0x43,0x12,0xb4,0x89,0x6f,0xd9,0x62,0x77,0x93,0xb3,0x9a,0xd2,0x92,0x7e,
  0x6e,0x8b,0xfb,0x9a,0xe2,0x8e,0x87,0xe8,0xb4,0x77,0xc8,0x12,0x36,0x81,0x58,0x32,
  0xfa,0xec,0x3d,0x89,0x57,0xd7,0xa8,0x8f,0x1a,0xdd,0x53,0xc0,0x7d,0x9d,0xab,0x81,
  0xb4,0xff,0x67,0x41,0xd5,0x52,0xfb,0xfb,0x8,0xb8,0x73,0x54,0x1d,0xd0,0x6c,0x42,
  0xd7,0xf2,0x52,0xac,0x57,0x22,0x4e,0x93,0x66,0x82,0x13,0x32,0xc,0x3c,0xcf,0xb2,
  0x66,0x92,0x33,0x2f,0x61,0xba,0x7e,0x25,0x10,0x2f,0xca,0x18,0x3d,0x58,0xd,0xb8,
  0xe7,0x94,0xe3,0x7d,0x59,0x83,0x4,0x83,0x40,0xa8,0xa6,0x80,0x1,0x64,0xc5,0x58,
  0x6f,0xb1,0xa9,0x72,0x9d,0x20,0x72,0xea,0xc7,0x6,0x22,0xf,0xa2,0x9,0x53,0x6e,
  0x7d,0x46,0xb3,0xd0,0x32,0xfe,0x0,0x6c,0xb4,0x4c,0x10,0x22,0x3,0x2b,0xd5,0x6b,
  0xa0,0x2a,0xa5,0xb4,0x90,0x49,0x1a,0xf1,0x22,0x7,0xaa,0xce,0x43,0xbf,0x11,0xb9,
  0x20,0x63,0x79,0x2a,0xb2,0xa8,0x29,0xdc,0x90,0xc5,0x1c,0xe,0xa9,0x46,0xae,0x49,
  0x74,0x2a,0x43,0x77,0x2e,0x64,0x7b,0x21,0x47,0x7b,0xbe,0x13,0x28,0xb9,0x4d,0x2,
  0xf2,0x71,0x69,0x6,0xe7,0xcf,0x4c,0xeb,0x31,0xcb,0xbc,0x50,0xb3,0x4,0x23,0xaf,
  0xf3,0x41,0x10,0x4,0x8e,0x85,0x48,0xef,0xde,0x10,0xf9,0xc9,0xdd,0x6d,0xc,0x9b,
  0x41,0xf6,0x82,0x5b,0xc2,0x1d,0xe2,0x8a,0x45,0xda,0xd5,0x6a,0x2,0x80,0xa4,0xb0,
  0xf,0xb2,0xc,0xa1,0x18,0x52,0xec,0xa5,0x5e,0xf4,0x15,0xae,0x5,0xd1,0xd,0x7,
  0xe9,0xf8,0x8b,0x87,0xe6,0xf1,0xea,0xc7,0x41,0xee,0x1e,0x8d,0xa2,0x1,0xd6,0xac,
  0x17,0x4a,0x8c,0x5d,0x58,0xec,0x7c,0xd0,0xed,0x76,0x9d,0xed,0xa4,0x1d,0x24,0xa5,
  0x91,0x1f,0xe0,0x8f,0xb3,0xd,0x29,0x5c,0xbf,0x17,0x4e,0x78,0xc4,0x82,0xea,0xa2,
  0xad,0xb9,0x2c,0x57,0x52,0x5c,0xb3,0xa5,0x16,0xde,0x8e,0x20,0x0,0x9b,0xd4,0x90,
  0xf0,0x8c,0x7d,0xaf,0xcd,0xb0,0xdf,0xb0,0x2f,0xbd,0xbd,0xc0,0xc,0xf,0x8a,0x75,
  0xb8,0x19,0x49,0xe7,0x78,0x3c,0x25,0x39,0xcd,0xf2,0xc3,0x9c,0x49,0x7e,0xe9,0x6c,
  0xd3,0xfd,0x72,0xd7,0x75,0xba,0x4b,0x21,0x89,0xab,0xef,0x68,0x7d,0xa5,0xc3,0x9f,
  0xcf,0xfa,0xa6,0xb,0x11,0x26,0x20,0x95,0x8,0xcc,0xb1,0x9,0xd7,0x43,0xb5,0xa6,
  0x37,0x9a,0xdb,0x22,0x58,0xa5,0xeb,0x7b,0x9f,0x9e,0x60,0x4d,0xc5,0xc1,0x5f,0x9a,
  0x2c,0x5b,0x40,0x2,0x37,0xa6,0x29,0x4c,0x21,0xbf,0x69,0x7,0x2d,0x69,0xee,0x9e,
  0x7,0x25,0xdb,0x50,0xe4,0xae,0xde,0x7,0xd7,0xba,0x73,0x77,0x83,0x4b,0xc4,0xb7,
  0x31,0x99,0xad,0x98,0xbc,0x5e,0x30,0xc9,0x21,0xc8,0xef,0xc5,0x64,0x1a,0xec,0x2c,
  0xc9,0xb1,0x5d,0x92,0x60,0x67,0x49,0x4a,0x26,0x86,0xea,0x62,0x63,0xb0,0x58,0x50,
  0xa4,0x90,0x44,0xbd,0x12,0xee,0x14,0xc,0x7e,0xd6,0xb1,0x11,0xa1,0xa5,0x21,0x11,
  0xe4,0x10,0xb3,0xc0,0x46,0x54,0x9a,0xad,0xdb,0xb2,0x26,0x61,0x3a,0xfc,0xee,0x6,
  0x4c,0xd7,0xaa,0x67,0x35,0xdb,0x19,0x18,0x60,0x2,0x14,0x27,0x16,0x71,0xd1,0xda,
  0x5f,0xe1,0x2d,0xc0,0x3d,0x25,0x2e,0x94,0x84,0xd4,0xca,0x6d,0xb5,0x51,0xc8,0x43,
  0xb2,0x36,0xe6,0x25,0x2c,0x8b,0xc1,0xc9,0x3e,0x26,0x5d,0x9c,0x9f,0x19,0x4a,0xae,
  0x86,0x7f,0xff,0xef,0xd7,0x5f,0xfe,0xa8,0x3a,0x39,0x81,0x54,0x1,0x6a,0x3b,0x96,
  0x43,0x51,0x33,0x85,0x32,0x41,0x80,0x80,0xd8,0x1c,0xeb,0xf8,0xe4,0x3a,0x3d,0x1a,
  0xb5,0xb6,0x6,0x81,0x4,0xef,0x11,0x8,0x33,0xb3,0x6d,0x81,0xa0,0x63,0x77,0xd9,
  0x2b,0x9c,0x6,0x9f,0xbd,0x5a,0xe4,0x3f,0x35,0x97,0xbd,0xda,0xc5,0x65,0x9f,0xf3,
  0x4c,0x48,0xb3,0xdf,0x5e,0xbd,0x8b,0xdf,0xa6,0x1b,0x1d,0x57,0xef,0xb6,0xab,0xe3,
  0xa5,0x1b,0xdd,0x77,0x3f,0x56,0x1b,0x9d,0xd8,0xc0,0x2a,0xd8,0x20,0x55,0xb0,0x9f,
  0x54,0xc1,0xfb,0xf0,0xe7,0x14,0x1d,0x3a,0xdd,0xea,0xd1,0x29,0xba,0x74,0xba,0x93,
  0x4f,0x6f,0x33,0xf9,0xc7,0x3c,0x2e,0xc0,0xa5,0x58,0xf3,0x9a,0xcf,0xc0,0x14,0x12,
  0xf6,0xd8,0x1e,0xf0,0x2b,0xd9,0xe8,0x1e,0x16,0xb4,0x62,0xfd,0x83,0x59,0x57,0x95,
  0x7d,0xd7,0x11,0xfe,0xc4,0xb7,0xf3,0x7a,0x6d,0x56,0xd6,0x16,0x5e,0xfb,0xa6,0x69,
  0x73,0x2d,0xd5,0x53,0x99,0x96,0xc5,0xb9,0x81,0x74,0x7e,0xd2,0xf6,0x42,0x4c,0x13,
  0x69,0x2d,0x66,0x48,0x16,0x6d,0x8b,0x16,0x5d,0x2b,0x17,0x73,0xde,0x32,0x0,0x39,
  0x25,0x23,0xd4,0xa8,0xeb,0x77,0xcd,0x4e,0x1f,0xee,0x9d,0x98,0x5a,0x53,0xa2,0x65,
  0xc6,0x65,0xb4,0x54,0x4b,0xab,0xbc,0xda,0x2e,0x5f,0xbd,0x4a,0xa9,0xb5,0xc9,0x97,
  0xfd,0x65,0xcc,0x50,0xa1,0x42,0x78,0x53,0xb0,0x5c,0xe9,0x5a,0xc3,0x6d,0xd5,0x17,
  0xc,0xea,0xc5,0xdf,0x6e,0x8b,0x1b,0x2d,0x29,0xb8,0x9d,0x4c,0x9d,0x60,0xf8,0xc5,
  0x7f,0x82,0xdc,0x8e,0x26,0x3,0xd,0xe1,0xa2,0x60,0x6a,0x4c,0x34,0x97,0xe,0x85,
  0x52,0x22,0x5d,0x2e,0x28,0x1f,0x6d,0x64,0xcf,0x1,0x13,0xe,0xe5,0xd8,0xa7,0x95,
  0xb2,0xb,0xeb,0xa6,0x1e,0xb1,0x74,0xbd,0x97,0x2d,0x4c,0xec,0xa9,0x42,0x99,0xea,
  0x2c,0x3c,0x48,0x8a,0x22,0x8b,0x5c,0x5b,0xcd,0x7d,0x40,0x9c,0xf2,0x16,0xd4,0xed,
  0xf2,0x25,0x93,0x6a,0xdf,0x7c,0x25,0xc0,0xfc,0xd,0x94,0x45,0x2,0x21,0x11,0x68,
  0xcd,0x47,0x5f,0x96,0xd5,0x46,0x39,0x9c,0x77,0xcc,0xa7,0x2c,0xb9,0xe0,0x3f,0xb1,
  0x1e,0xd4,0x5c,0xff,0x50,0xb4,0x8f,0x1b,0x68,0xd7,0x21,0xd4,0x91,0x72,0x5,0x5b,
  0x13,0x9c,0x5d,0x3a,0x31,0xcb,0xe6,0x61,0xbd,0xc1,0xf3,0x79,0x19,0x38,0x10,0xc2,
  0xd2,0xcd,0xec,0x18,0x1e,0x7,0xb5,0xb9,0xa1,0x7e,0xd3,0xb5,0x6a,0x8d,0x2e,0xc1,
  0xfd,0x82,0x8d,0xe8,0x84,0x43,0xe2,0x20,0xb2,0xb2,0xe3,0x55,0x45,0xfa,0xdb,0x22,
  0x1d,0x32,0xf9,0x38,0xe3,0xa9,0x4e,0x96,0xea,0xae,0x19,0x15,0x52,0x8f,0xf7,0xb0,
  0x1d,0xb9,0x3e,0xc5,0x28,0xc4,0xe6,0xd8,0x53,0xb3,0x31,0x48,0xf3,0x65,0xf9,0xf0,
  0xa2,0x50,0x83,0x62,0xc8,0x43,0xbb,0x5f,0x3d,0x4b,0x69,0xcc,0xea,0x3d,0x89,0x7c,
  0x12,0x9f,0x89,0x58,0xfc,0xfd,0xfa,0xef,0xf8,0x8d,0xc6,0xc7,0xf1,0x89,0xa1,0xf1,
  0xb1,0x36,0x88,0x71,0xef,0xb9,0x88,0x0,0x5,0x7d,0x38,0xf,0x5f,0xfc,0x30,0x39,
  0x61,0x8f,0x1,0xec,0x50,0x3d,0xe5,0xaa,0x1a,0x6,0x21,0x8e,0x9f,0x53,0xed,0x5f,
  0x97,0xb4,0x50,0x6d,0x42,0x8b,0xb0,0xc8,0x18,0xe1,0xb8,0x72,0x45,0x95,0x8b,0x42,
  0x86,0xf8,0x66,0xce,0x79,0xf,0x21,0xd4,0x1e,0x11,0x2d,0xb9,0xe6,0x84,0x26,0x3c,
  0xd2,0xe4,0xd8,0x20,0xf9,0x31,0x80,0xb,0xe2,0x18,0xbe,0x5d,0xf8,0x9e,0xc0,0xf7,
  0x13,0xf8,0x3e,0xf4,0xb1,0x1f,0x80,0xbf,0x2,0xff,0x3f,0xa7,0xe6,0x16,0x66,0x85,
  0x8d,0xc7,0xb3,0x88,0x4d,0x5f,0x5c,0x5a,0xc3,0xd0,0x83,0x7e,0x9f,0x1c,0x76,0xac,
  0xcd,0xb4,0xb9,0x81,0x78,0x25,0x2e,0x78,0xb,0xbd,0x91,0x61,0xef,0x88,0xe6,0x39,
  0x53,0xf9,0x51,0xce,0xe3,0x2c,0x3f,0xb2,0xbf,0xc5,0x44,0x6f,0xf5,0x80,0x85,0xb3,
  0x77,0x33,0xbd,0xb9,0xaf,0x73,0x8a,0x2a,0xac,0x6a,0x8d,0xe0,0x8b,0x2a,0xf0,0xd5,
  0x1c,0x5b,0x9d,0x99,0x3e,0x34,0x7b,0xb7,0xb6,0xdd,0xd,0x81,0x7f,0xff,0xf,0xaf,
  0x46,0xd5,0x18,
    // 40.svg
  0x0,0x0,0xb,0x56,
  0x3c,
  0x73,0x76,0x67,0x20,0x78,0x6d,0x6c,0x6e,0x73,0x3d,0x22,0x68,0x74,0x74,0x70,0x3a,
  0x2f,0x2f,0x77,0x77,0x77,0x2e,0x77,0x33,0x2e,0x6f,0x72,0x67,0x2f,0x32,0x30,0x30,
  0x30,0x2f,0x73,0x76,0x67,0x22,0x20,0x78,0x6d,0x6c,0x6e,0x73,0x3a,0x78,0x6c,0x69,
  0x6e,0x6b,0x3d,0x22,0x68,0x74,0x74,0x70,0x3a,0x2f,0x2f,0x77,0x77,0x77,0x2e,0x77,
  0x33,0x2e,0x6f,0x72,0x67,0x2f,0x31,0x39,0x39,0x39,0x2f,0x78,0x6c,0x69,0x6e,0x6b,
  0x22,0x20,0x77,0x69,0x64,0x74,0x68,0x3d,0x22,0x31,0x39,0x32,0x30,0x22,0x20,0x7a,
  0x6f,0x6f,0x6d,0x41,0x6e,0x64,0x50,0x61,0x6e,0x3d,0x22,0x6d,0x61,0x67,0x6e,0x69,
  0x66,0x79,0x22,0x20,0x76,0x69,0x65,0x77,0x42,0x6f,0x78,0x3d,0x22,0x30,0x20,0x30,
  0x20,0x31,0x34,0x34,0x30,0x20,0x38,0x30,0x39,0x2e,0x39,0x39,0x39,0x39,0x39,0x33,
  0x22,0x20,0x68,0x65,0x69,0x67,0x68,0x74,0x3d,0x22,0x31,0x30,0x38,0x30,0x22,0x20,
  0x70,0x72,0x65,0x73,0x65,0x72,0x76,0x65,0x41,0x73,0x70,0x65,0x63,0x74,0x52,0x61,
  0x74,0x69,0x6f,0x3d,0x22,0x78,0x4d,0x69,0x64,0x59,0x4d,0x69,0x64,0x20,0x6d,0x65,
  0x65,0x74,0x22,0x20,0x76,0x65,0x72,0x73,0x69,0x6f,0x6e,0x3d,0x22,0x31,0x2e,0x32,
  0x22,0x3e,0x3c,0x64,0x65,0x66,0x73,0x3e,0x3c,0x63,0x6c,0x69,0x70,0x50,0x61,0x74,
  0x68,0x20,0x69,0x64,0x3d,0x22,0x62,0x33,0x34,0x64,0x30,0x39,0x66,0x66,0x61,0x65,
  0x22,0x3e,0x3c,0x70,0x61,0x74,0x68,0x20,0x64,0x3d,0x22,0x4d,0x20,0x36,0x30,0x39,
  0x2e,0x31,0x32,0x35,0x20,0x32,0x39,0x34,0x2e,0x31,0x32,0x35,0x20,0x4c,0x20,0x38,
  0x33,0x31,0x2e,0x31,0x32,0x35,0x20,0x32,0x39,0x34,0x2e,0x31,0x32,0x35,0x20,0x4c,
  0x20,0x38,0x33,0x31,0x2e,0x31,0x32,0x35,0x20,0x35,0x31,0x36,0x2e,0x31,0x32,0x35,
  0x20,0x4c,0x20,0x36,0x30,0x39,0x2e,0x31,0x32,0x35,0x20,0x35,0x31,0x36,0x2e,0x31,
  0x32,0x35,0x20,0x5a,0x20,0x4d,0x20,0x36,0x30,0x39,0x2e,0x31,0x32,0x35,0x20,0x32,
  0x39,0x34,0x2e,0x31,0x32,0x35,0x20,0x22,0x2f,0x3e,0x3c,0x2f,0x63,0x6c,0x69,0x70,
  0x50,0x61,0x74,0x68,0x3e,0x3c,0x2f,0x64,0x65,0x66,0x73,0x3e,0x3c,0x67,0x20,0x69,
  0x64,0x3d,0x22,0x38,0x34,0x61,0x37,0x64,0x33,0x63,0x37,0x31,0x34,0x22,0x3e,0x3c,
  0x67,0x20,0x63,0x6c,0x69,0x70,0x2d,0x72,0x75,0x6c,0x65,0x3d,0x22,0x6e,0x6f,0x6e,
  0x7a,0x65,0x72,0x6f,0x22,0x20,0x63,0x6c,0x69,0x70,0x2d,0x70,0x61,0x74,0x68,0x3d,
  0x22,0x75,0x72,0x6c,0x28,0x23,0x62,0x33,0x34,0x64,0x30,0x39,0x66,0x66,0x61,0x65,
  0x29,0x22,0x3e,0x3c,0x70,0x61,0x74,0x68,0x20,0x73,0x74,0x79,0x6c,0x65,0x3d,0x22,
  0x20,0x73,0x74,0x72,0x6f,0x6b,0x65,0x3a,0x6e,0x6f,0x6e,0x65,0x3b,0x66,0x69,0x6c,
  0x6c,0x2d,0x72,0x75,0x6c,0x65,0x3a,0x6e,0x6f,0x6e,0x7a,0x65,0x72,0x6f,0x3b,0x66,
  0x69,0x6c,0x6c,0x3a,0x23,0x65,0x63,0x32,0x32,0x32,0x34,0x3b,0x66,0x69,0x6c,0x6c,
  0x2d,0x6f,0x70,0x61,0x63,0x69,0x74,0x79,0x3a,0x31,0x3b,0x22,0x20,0x64,0x3d,0x22,
  0x4d,0x20,0x36,0x30,0x39,0x2e,0x31,0x32,0x38,0x39,0x30,0x36,0x20,0x34,0x30,0x35,
  0x2e,0x31,0x32,0x38,0x39,0x30,0x36,0x20,0x43,0x20,0x36,0x30,0x39,0x2e,0x31,0x32,
  0x38,0x39,0x30,0x36,0x20,0x33,0x34,0x34,0x2e,0x30,0x30,0x33,0x39,0x30,0x36,0x20,
  0x36,0x35,0x38,0x2e,0x38,0x39,0x30,0x36,0x32,0x35,0x20,0x32,0x39,0x34,0x2e,0x31,
  0x32,0x35,0x20,0x37,0x32,0x30,0x2e,0x31,0x32,0x38,0x39,0x30,0x36,0x20,0x32,0x39,
  0x34,0x2e,0x31,0x32,0x35,0x20,0x43,0x20,0x37,0x38,0x31,0x2e,0x32,0x35,0x33,0x39,
  0x30,0x36,0x20,0x32,0x39,0x34,0x2e,0x31,0x32,0x35,0x20,0x38,0x33,0x31,0x2e,0x31,
  0x33,0x32,0x38,0x31,0x32,0x20,0x33,0x34,0x33,0x2e,0x38,0x39,0x30,0x36,0x32,0x35,
  0x20,0x38,0x33,0x31,0x2e,0x31,0x33,0x32,0x38,0x31,0x32,0x20,0x34,0x30,0x35,0x2e,
  0x31,0x32,0x38,0x39,0x30,0x36,0x20,0x43,0x20,0x38,0x33,0x31,0x2e,0x31,0x33,0x32,
  0x38,0x31,0x32,0x20,0x34,0x36,0x36,0x2e,0x33,0x36,0x37,0x31,0x38,0x38,0x20,0x37,
  0x38,0x31,0x2e,0x33,0x36,0x37,0x31,0x38,0x38,0x20,0x35,0x31,0x36,0x2e,0x31,0x33,
  0x32,0x38,0x31,0x32,0x20,0x37,0x32,0x30,0x2e,0x31,0x32,0x38,0x39,0x30,0x36,0x20,
  0x35,0x31,0x36,0x2e,0x31,0x33,0x32,0x38,0x31,0x32,0x20,0x43,0x20,0x36,0x35,0x38,
  0x2e,0x38,0x39,0x30,0x36,0x32,0x35,0x20,0x35,0x31,0x36,0x2e,0x30,0x31,0x35,0x36,
  0x32,0x35,0x20,0x36,0x30,0x39,0x2e,0x31,0x32,0x38,0x39,0x30,0x36,0x20,0x34,0x36,
  0x36,0x2e,0x32,0x35,0x33,0x39,0x30,0x36,0x20,0x36,0x30,0x39,0x2e,0x31,0x32,0x38,
  0x39,0x30,0x36,0x20,0x34,0x30,0x35,0x2e,0x31,0x32,0x38,0x39,0x30,0x36,0x20,0x5a,
  0x20,0x4d,0x20,0x36,0x30,0x39,0x2e,0x31,0x32,0x38,0x39,0x30,0x36,0x20,0x34,0x30,
  0x35,0x2e,0x31,0x32,0x38,0x39,0x30,0x36,0x20,0x22,0x2f,0x3e,0x3c,0x2f,0x67,0x3e,
  0x3c,0x70,0x61,0x74,0x68,0x20,0x73,0x74,0x79,0x6c,0x65,0x3d,0x22,0x20,0x73,0x74,
  0x72,0x6f,0x6b,0x65,0x3a,0x6e,0x6f,0x6e,0x65,0x3b,0x66,0x69,0x6c,0x6c,0x2d,0x72,
  0x75,0x6c,0x65,0x3a,0x65,0x76,0x65,0x6e,0x6f,0x64,0x64,0x3b,0x66,0x69,0x6c,0x6c,
  0x3a,0x23,0x66,0x66,0x66,0x66,0x66,0x66,0x3b,0x66,0x69,0x6c,0x6c,0x2d,0x6f,0x70,
  0x61,0x63,0x69,0x74,0x79,0x3a,0x31,0x3b,0x22,0x20,0x64,0x3d,0x22,0x4d,0x20,0x37,
  0x32,0x30,0x2e,0x31,0x32,0x38,0x39,0x30,0x36,0x20,0x34,0x39,0x32,0x2e,0x30,0x34,
  0x32,0x39,0x36,0x39,0x20,0x43,0x20,0x36,0x37,0x32,0x2e,0x31,0x38,0x33,0x35,0x39,
  0x34,0x20,0x34,0x39,0x32,0x2e,0x30,0x34,0x32,0x39,0x36,0x39,0x20,0x36,0x33,0x33,
  0x2e,0x31,0x30,0x31,0x35,0x36,0x32,0x20,0x34,0x35,0x32,0x2e,0x39,0x36,0x30,0x39,
  0x33,0x38,0x20,0x36,0x33,0x33,0x2e,0x31,0x30,0x31,0x35,0x36,0x32,0x20,0x34,0x30,
  0x35,0x2e,0x30,0x31,0x35,0x36,0x32,0x35,0x20,0x43,0x20,0x36,0x33,0x33,0x2e,0x31,
  0x30,0x31,0x35,0x36,0x32,0x20,0x33,0x35,0x37,0x2e,0x30,0x37,0x30,0x33,0x31,0x32,
  0x20,0x36,0x37,0x32,0x2e,0x31,0x38,0x33,0x35,0x39,0x34,0x20,0x33,0x31,0x37,0x2e,
  0x39,0x38,0x34,0x33,0x37,0x35,0x20,0x37,0x32,0x30,0x2e,0x31,0x32,0x38,0x39,0x30,
  0x36,0x20,0x33,0x31,0x37,0x2e,0x39,0x38,0x34,0x33,0x37,0x35,0x20,0x43,0x20,0x37,
  0x36,0x38,0x2e,0x30,0x37,0x34,0x32,0x31,0x39,0x20,0x33,0x31,0x37,0x2e,0x39,0x38,
  0x34,0x33,0x37,0x35,0x20,0x38,0x30,0x37,0x2e,0x31,0x36,0x30,0x31,0x35,0x36,0x20,
  0x33,0x35,0x37,0x2e,0x30,0x37,0x30,0x33,0x31,0x32,0x20,0x38,0x30,0x37,0x2e,0x31,
  0x36,0x30,0x31,0x35,0x36,0x20,0x34,0x30,0x35,0x2e,0x30,0x31,0x35,0x36,0x32,0x35,
  0x20,0x43,0x20,0x38,0x30,0x37,0x2e,0x30,0x34,0x36,0x38,0x37,0x35,0x20,0x34,0x35,
  0x33,0x2e,0x30,0x37,0x34,0x32,0x31,0x39,0x20,0x37,0x36,0x38,0x2e,0x30,0x37,0x34,
  0x32,0x31,0x39,0x20,0x34,0x39,0x32,0x2e,0x30,0x34,0x32,0x39,0x36,0x39,0x20,0x37,
  0x32,0x30,0x2e,0x31,0x32,0x38,0x39,0x30,0x36,0x20,0x34,0x39,0x32,0x2e,0x30,0x34,
  0x32,0x39,0x36,0x39,0x20,0x5a,0x20,0x4d,0x20,0x37,0x32,0x30,0x2e,0x31,0x32,0x38,
  0x39,0x30,0x36,0x20,0x34,0x39,0x32,0x2e,0x30,0x34,0x32,0x39,0x36,0x39,0x20,0x22,
  0x2f,0x3e,0x3c,0x70,0x61,0x74,0x68,0x20,0x73,0x74,0x79,0x6c,0x65,0x3d,0x22,0x20,
  0x73,0x74,0x72,0x6f,0x6b,0x65,0x3a,0x6e,0x6f,0x6e,0x65,0x3b,0x66,0x69,0x6c,0x6c,
  0x2d,0x72,0x75,0x6c,0x65,0x3a,0x6e,0x6f,0x6e,0x7a,0x65,0x72,0x6f,0x3b,0x66,0x69,
  0x6c,0x6c,0x3a,0x23,0x30,0x30,0x30,0x30,0x30,0x30,0x3b,0x66,0x69,0x6c,0x6c,0x2d,
  0x6f,0x70,0x61,0x63,0x69,0x74,0x79,0x3a,0x31,0x3b,0x22,0x20,0x64,0x3d,0x22,0x4d,
  0x20,0x37,0x31,0x37,0x2e,0x37,0x34,0x32,0x31,0x38,0x38,0x20,0x34,0x31,0x32,0x2e,
  0x32,0x38,0x35,0x31,0x35,0x36,0x20,0x4c,0x20,0x37,0x31,0x37,0x2e,0x37,0x34,0x32,
  0x31,0x38,0x38,0x20,0x34,0x32,0x31,0x2e,0x33,0x37,0x35,0x20,0x4c,0x20,0x37,0x31,
  0x31,0x2e,0x30,0x33,0x39,0x30,0x36,0x32,0x20,0x34,0x32,0x31,0x2e,0x33,0x37,0x35,
  0x20,0x4c,0x20,0x37,0x31,0x31,0x2e,0x30,0x33,0x39,0x30,0x36,0x32,0x20,0x34,0x33,
  0x34,0x2e,0x31,0x30,0x31,0x35,0x36,0x32,0x20,0x4c,0x20,0x36,0x39,0x39,0x2e,0x36,
  0x37,0x39,0x36,0x38,0x38,0x20,0x34,0x33,0x34,0x2e,0x31,0x30,0x31,0x35,0x36,0x32,
  0x20,0x4c,0x20,0x36,0x39,0x39,0x2e,0x36,0x37,0x39,0x36,0x38,0x38,0x20,0x34,0x32,
  0x31,0x2e,0x33,0x37,0x35,0x20,0x4c,0x20,0x36,0x37,0x36,0x2e,0x31,0x36,0x30,0x31,
  0x35,0x36,0x20,0x34,0x32,0x31,0x2e,0x33,0x37,0x35,0x20,0x4c,0x20,0x36,0x37,0x36,
  0x2e,0x31,0x36,0x30,0x31,0x35,0x36,0x20,0x34,0x31,0x31,0x2e,0x31,0x35,0x32,0x33,
  0x34,0x34,0x20,0x4c,0x20,0x36,0x39,0x37,0x2e,0x39,0x37,0x32,0x36,0x35,0x36,0x20,
  0x33,0x37,0x35,0x2e,0x32,0x35,0x20,0x4c,0x20,0x37,0x31,0x31,0x2e,0x30,0x33,0x39,
  0x30,0x36,0x32,0x20,0x33,0x37,0x35,0x2e,0x32,0x35,0x20,0x4c,0x20,0x37,0x31,0x31,
  0x2e,0x30,0x33,0x39,0x30,0x36,0x32,0x20,0x34,0x31,0x32,0x2e,0x32,0x38,0x35,0x31,
  0x35,0x36,0x20,0x5a,0x20,0x4d,0x20,0x36,0x38,0x34,0x2e,0x37,0x39,0x32,0x39,0x36,
  0x39,0x20,0x34,0x31,0x32,0x2e,0x32,0x38,0x35,0x31,0x35,0x36,0x20,0x4c,0x20,0x36,
  0x39,0x39,0x2e,0x36,0x37,0x39,0x36,0x38,0x38,0x20,0x34,0x31,0x32,0x2e,0x32,0x38,
  0x35,0x31,0x35,0x36,0x20,0x4c,0x20,0x36,0x39,0x39,0x2e,0x36,0x37,0x39,0x36,0x38,
  0x38,0x20,0x33,0x38,0x36,0x2e,0x37,0x32,0x32,0x36,0x35,0x36,0x20,0x5a,0x20,0x4d,
  0x20,0x36,0x38,0x34,0x2e,0x37,0x39,0x32,0x39,0x36,0x39,0x20,0x34,0x31,0x32,0x2e,
  0x32,0x38,0x35,0x31,0x35,0x36,0x20,0x22,0x2f,0x3e,0x3c,0x70,0x61,0x74,0x68,0x20,
  0x73,0x74,0x79,0x6c,0x65,0x3d,0x22,0x20,0x73,0x74,0x72,0x6f,0x6b,0x65,0x3a,0x6e,
  0x6f,0x6e,0x65,0x3b,0x66,0x69,0x6c,0x6c,0x2d,0x72,0x75,0x6c,0x65,0x3a,0x6e,0x6f,
  0x6e,0x7a,0x65,0x72,0x6f,0x3b,0x66,0x69,0x6c,0x6c,0x3a,0x23,0x30,0x30,0x30,0x30,
  0x30,0x30,0x3b,0x66,0x69,0x6c,0x6c,0x2d,0x6f,0x70,0x61,0x63,0x69,0x74,0x79,0x3a,
  0x31,0x3b,0x22,0x20,0x64,0x3d,0x22,0x4d,0x20,0x37,0x34,0x33,0x2e,0x36,0x34,0x38,
  0x34,0x33,0x38,0x20,0x34,0x33,0x35,0x2e,0x36,0x39,0x31,0x34,0x30,0x36,0x20,0x43,
  0x20,0x37,0x33,0x36,0x2e,0x30,0x33,0x35,0x31,0x35,0x36,0x20,0x34,0x33,0x35,0x2e,
  0x36,0x39,0x31,0x34,0x30,0x36,0x20,0x37,0x33,0x30,0x2e,0x38,0x30,0x38,0x35,0x39,
  0x34,0x20,0x34,0x33,0x33,0x2e,0x30,0x37,0x38,0x31,0x32,0x35,0x20,0x37,0x32,0x37,
  0x2e,0x37,0x34,0x32,0x31,0x38,0x38,0x20,0x34,0x32,0x37,0x2e,0x37,0x33,0x38,0x32,
  0x38,0x31,0x20,0x43,0x20,0x37,0x32,0x34,0x2e,0x36,0x37,0x35,0x37,0x38,0x31,0x20,
  0x34,0x32,0x32,0x2e,0x33,0x39,0x38,0x34,0x33,0x38,0x20,0x37,0x32,0x33,0x2e,0x31,
  0x39,0x39,0x32,0x31,0x39,0x20,0x34,0x31,0x34,0x2e,0x38,0x39,0x38,0x34,0x33,0x38,
  0x20,0x37,0x32,0x33,0x2e,0x31,0x39,0x39,0x32,0x31,0x39,0x20,0x34,0x30,0x35,0x2e,
  0x31,0x32,0x38,0x39,0x30,0x36,0x20,0x43,0x20,0x37,0x32,0x33,0x2e,0x31,0x39,0x39,
  0x32,0x31,0x39,0x20,0x33,0x39,0x35,0x2e,0x33,0x35,0x39,0x33,0x37,0x35,0x20,0x37,
  0x32,0x34,0x2e,0x36,0x37,0x35,0x37,0x38,0x31,0x20,0x33,0x38,0x37,0x2e,0x37,0x34,
  0x36,0x30,0x39,0x34,0x20,0x37,0x32,0x37,0x2e,0x37,0x34,0x32,0x31,0x38,0x38,0x20,
  0x33,0x38,0x32,0x2e,0x34,0x30,0x36,0x32,0x35,0x20,0x43,0x20,0x37,0x33,0x30,0x2e,
  0x38,0x30,0x38,0x35,0x39,0x34,0x20,0x33,0x37,0x37,0x2e,0x30,0x36,0x36,0x34,0x30,
  0x36,0x20,0x37,0x33,0x36,0x2e,0x30,0x33,0x35,0x31,0x35,0x36,0x20,0x33,0x37,0x34,
  0x2e,0x34,0x35,0x33,0x31,0x32,0x35,0x20,0x37,0x34,0x33,0x2e,0x36,0x34,0x38,0x34,
  0x33,0x38,0x20,0x33,0x37,0x34,0x2e,0x34,0x35,0x33,0x31,0x32,0x35,0x20,0x43,0x20,
  0x37,0x35,0x31,0x2e,0x32,0x36,0x31,0x37,0x31,0x39,0x20,0x33,0x37,0x34,0x2e,0x34,
  0x35,0x33,0x31,0x32,0x35,0x20,0x37,0x35,0x36,0x2e,0x34,0x38,0x38,0x32,0x38,0x31,
  0x20,0x33,0x37,0x37,0x2e,0x30,0x36,0x36,0x34,0x30,0x36,0x20,0x37,0x35,0x39,0x2e,
  0x35,0x35,0x34,0x36,0x38,0x38,0x20,0x33,0x38,0x32,0x2e,0x34,0x30,0x36,0x32,0x35,
  0x20,0x43,0x20,0x37,0x36,0x32,0x2e,0x36,0x32,0x31,0x30,0x39,0x34,0x20,0x33,0x38,
  0x37,0x2e,0x37,0x34,0x36,0x30,0x39,0x34,0x20,0x37,0x36,0x34,0x2e,0x30,0x39,0x37,
  0x36,0x35,0x36,0x20,0x33,0x39,0x35,0x2e,0x32,0x34,0x36,0x30,0x39,0x34,0x20,0x37,
  0x36,0x34,0x2e,0x30,0x39,0x37,0x36,0x35,0x36,0x20,0x34,0x30,0x35,0x2e,0x31,0x32,
  0x38,0x39,0x30,0x36,0x20,0x43,0x20,0x37,0x36,0x34,0x2e,0x30,0x39,0x37,0x36,0x35,
  0x36,0x20,0x34,0x31,0x34,0x2e,0x38,0x39,0x38,0x34,0x33,0x38,0x20,0x37,0x36,0x32,
  0x2e,0x36,0x32,0x31,0x30,0x39,0x34,0x20,0x34,0x32,0x32,0x2e,0x35,0x31,0x31,0x37,
  0x31,0x39,0x20,0x37,0x35,0x39,0x2e,0x35,0x35,0x34,0x36,0x38,0x38,0x20,0x34,0x32,
  0x37,0x2e,0x37,0x33,0x38,0x32,0x38,0x31,0x20,0x43,0x20,0x37,0x35,0x36,0x2e,0x34,
  0x38,0x38,0x32,0x38,0x31,0x20,0x34,0x33,0x33,0x2e,0x30,0x37,0x38,0x31,0x32,0x35,
  0x20,0x37,0x35,0x31,0x2e,0x31,0x34,0x38,0x34,0x33,0x38,0x20,0x34,0x33,0x35,0x2e,
  0x36,0x39,0x31,0x34,0x30,0x36,0x20,0x37,0x34,0x33,0x2e,0x36,0x34,0x38,0x34,0x33,
  0x38,0x20,0x34,0x33,0x35,0x2e,0x36,0x39,0x31,0x34,0x30,0x36,0x20,0x5a,0x20,0x4d,
  0x20,0x37,0x35,0x30,0x2e,0x34,0x36,0x34,0x38,0x34,0x34,0x20,0x34,0x32,0x30,0x2e,
  0x38,0x30,0x38,0x35,0x39,0x34,0x20,0x43,0x20,0x37,0x35,0x31,0x2e,0x34,0x38,0x38,
  0x32,0x38,0x31,0x20,0x34,0x31,0x37,0x2e,0x31,0x37,0x31,0x38,0x37,0x35,0x20,0x37,
  0x35,0x32,0x2e,0x30,0x35,0x34,0x36,0x38,0x38,0x20,0x34,0x31,0x31,0x2e,0x39,0x34,
  0x35,0x33,0x31,0x32,0x20,0x37,0x35,0x32,0x2e,0x30,0x35,0x34,0x36,0x38,0x38,0x20,
  0x34,0x30,0x35,0x2e,0x31,0x32,0x38,0x39,0x30,0x36,0x20,0x43,0x20,0x37,0x35,0x32,
  0x2e,0x30,0x35,0x34,0x36,0x38,0x38,0x20,0x33,0x39,0x37,0x2e,0x39,0x37,0x32,0x36,
  0x35,0x36,0x20,0x37,0x35,0x31,0x2e,0x34,0x38,0x38,0x32,0x38,0x31,0x20,0x33,0x39,
  0x32,0x2e,0x36,0x33,0x32,0x38,0x31,0x32,0x20,0x37,0x35,0x30,0x2e,0x34,0x36,0x34,
  0x38,0x34,0x34,0x20,0x33,0x38,0x39,0x2e,0x32,0x32,0x32,0x36,0x35,0x36,0x20,0x43,
  0x20,0x37,0x34,0x39,0x2e,0x34,0x34,0x31,0x34,0x30,0x36,0x20,0x33,0x38,0x35,0x2e,
  0x38,0x31,0x32,0x35,0x20,0x37,0x34,0x37,0x2e,0x31,0x37,0x31,0x38,0x37,0x35,0x20,
  0x33,0x38,0x34,0x2e,0x31,0x30,0x39,0x33,0x37,0x35,0x20,0x37,0x34,0x33,0x2e,0x36,
  0x34,0x38,0x34,0x33,0x38,0x20,0x33,0x38,0x34,0x2e,0x31,0x30,0x39,0x33,0x37,0x35,
  0x20,0x43,0x20,0x37,0x34,0x30,0x2e,0x32,0x33,0x38,0x32,0x38,0x31,0x20,0x33,0x38,
  0x34,0x2e,0x31,0x30,0x39,0x33,0x37,0x35,0x20,0x37,0x33,0x37,0x2e,0x38,0x35,0x35,
  0x34,0x36,0x39,0x20,0x33,0x38,0x35,0x2e,0x38,0x31,0x32,0x35,0x20,0x37,0x33,0x36,
  0x2e,0x37,0x31,0x38,0x37,0x35,0x20,0x33,0x38,0x39,0x2e,0x32,0x32,0x32,0x36,0x35,
  0x36,0x20,0x43,0x20,0x37,0x33,0x35,0x2e,0x35,0x38,0x32,0x30,0x33,0x31,0x20,0x33,
  0x39,0x32,0x2e,0x36,0x33,0x32,0x38,0x31,0x32,0x20,0x37,0x33,0x35,0x2e,0x30,0x31,
  0x31,0x37,0x31,0x39,0x20,0x33,0x39,0x37,0x2e,0x39,0x37,0x32,0x36,0x35,0x36,0x20,
  0x37,0x33,0x35,0x2e,0x30,0x31,0x31,0x37,0x31,0x39,0x20,0x34,0x30,0x35,0x2e,0x31,
  0x32,0x38,0x39,0x30,0x36,0x20,0x43,0x20,0x37,0x33,0x35,0x2e,0x30,0x31,0x31,0x37,
  0x31,0x39,0x20,0x34,0x31,0x31,0x2e,0x39,0x34,0x35,0x33,0x31,0x32,0x20,0x37,0x33,
  0x35,0x2e,0x35,0x38,0x32,0x30,0x33,0x31,0x20,0x34,0x31,0x37,0x2e,0x31,0x37,0x31,
  0x38,0x37,0x35,0x20,0x37,0x33,0x36,0x2e,0x37,0x31,0x38,0x37,0x35,0x20,0x34,0x32,
  0x30,0x2e,0x38,0x30,0x38,0x35,0x39,0x34,0x20,0x43,0x20,0x37,0x33,0x37,0x2e,0x38,
  0x35,0x35,0x34,0x36,0x39,0x20,0x34,0x32,0x34,0x2e,0x34,0x34,0x35,0x33,0x31,0x32,
  0x20,0x37,0x34,0x30,0x2e,0x31,0x32,0x35,0x20,0x34,0x32,0x36,0x2e,0x32,0x36,0x31,
  0x37,0x31,0x39,0x20,0x37,0x34,0x33,0x2e,0x36,0x34,0x38,0x34,0x33,0x38,0x20,0x34,
  0x32,0x36,0x2e,0x32,0x36,0x31,0x37,0x31,0x39,0x20,0x43,0x20,0x37,0x34,0x37,0x2e,
  0x30,0x35,0x38,0x35,0x39,0x34,0x20,0x34,0x32,0x36,0x2e,0x31,0x34,0x38,0x34,0x33,
  0x38,0x20,0x37,0x34,0x39,0x2e,0x33,0x32,0x38,0x31,0x32,0x35,0x20,0x34,0x32,0x34,
  0x2e,0x34,0x34,0x35,0x33,0x31,0x32,0x20,0x37,0x35,0x30,0x2e,0x34,0x36,0x34,0x38,
  0x34,0x34,0x20,0x34,0x32,0x30,0x2e,0x38,0x30,0x38,0x35,0x39,0x34,0x20,0x5a,0x20,
  0x4d,0x20,0x37,0x35,0x30,0x2e,0x34,0x36,0x34,0x38,0x34,0x34,0x20,0x34,0x32,0x30,
  0x2e,0x38,0x30,0x38,0x35,0x39,0x34,0x20,0x22,0x2f,0x3e,0x3c,0x2f,0x67,0x3e,0x3c,
  0x2f,0x73,0x76,0x67,0x3e,
    // 50.svg
  0x0,0x0,0xe,0xe4,
  0x3c,
  0x73,0x76,0x67,0x20,0x78,0x6d,0x6c,0x6e,0x73,0x3d,0x22,0x68,0x74,0x74,0x70,0x3a,
  0x2f,0x2f,0x77,0x77,0x77,0x2e,0x77,0x33,0x2e,0x6f,0x72,0x67,0x2f,0x32,0x30,0x30,
  0x30,0x2f,0x73,0x76,0x67,0x22,0x20,0x78,0x6d,0x6c,0x6e,0x73,0x3a,0x78,0x6c,0x69,
  0x6e,0x6b,0x3d,0x22,0x68,0x74,0x74,0x70,0x3a,0x2f,0x2f,0x77,0x77,0x77,0x2e,0x77,
  0x33,0x2e,0x6f,0x72,0x67,0x2f,0x31,0x39,0x39,0x39,0x2f,0x78,0x6c,0x69,0x6e,0x6b,
  0x22,0x20,0x77,0x69,0x64,0x74,0x68,0x3d,0x22,0x31,0x39,0x32,0x30,0x22,0x20,0x7a,
  0x6f,0x6f,0x6d,0x41,0x6e,0x64,0x50,0x61,0x6e,0x3d,0x22,0x6d,0x61,0x67,0x6e,0x69,
  0x66,0x79,0x22,0x20,0x76,0x69,0x65,0x77,0x42,0x6f,0x78,0x3d,0x22,0x30,0x20,0x30,
  0x20,0x31,0x34,0x34,0x30,0x20,0x38,0x30,0x39,0x2e,0x39,0x39,0x39,0x39,0x39,0x33,
  0x22,0x20,0x68,0x65,0x69,0x67,0x68,0x74,0x3d,0x22,0x31,0x30,0x38,0x30,0x22,0x20,
  0x70,0x72,0x65,0x73,0x65,0x72,0x76,0x65,0x41,0x73,0x70,0x65,0x63,0x74,0x52,0x61,
  0x74,0x69,0x6f,0x3d,0x22,0x78,0x4d,0x69,0x64,0x59,0x4d,0x69,0x64,0x20,0x6d,0x65,
  0x65,0x74,0x22,0x20,0x76,0x65,0x72,0x73,0x69,0x6f,0x6e,0x3d,0x22,0x31,0x2e,0x32,
  0x22,0x3e,0x3c,0x64,0x65,0x66,0x73,0x3e,0x3c,0x63,0x6c,0x69,0x70,0x50,0x61,0x74,
  0x68,0x20,0x69,0x64,0x3d,0x22,0x63,0x62,0x30,0x38,0x30,0x30,0x65,0x63,0x39,0x66,
  0x22,0x3e,0x3c,0x70,0x61,0x74,0x68,0x20,0x64,0x3d,0x22,0x4d,0x20,0x36,0x30,0x39,
  0x2e,0x31,0x32,0x35,0x20,0x32,0x39,0x34,0x2e,0x31,0x32,0x35,0x20,0x4c,0x20,0x38,
  0x33,0x31,0x2e,0x31,0x32,0x35,0x20,0x32,0x39,0x34,0x2e,0x31,0x32,0x35,0x20,0x4c,
  0x20,0x38,0x33,0x31,0x2e,0x31,0x32,0x35,0x20,0x35,0x31,0x36,0x2e,0x31,0x32,0x35,
  0x20,0x4c,0x20,0x36,0x30,0x39,0x2e,0x31,0x32,0x35,0x20,0x35,0x31,0x36,0x2e,0x31,
  0x32,0x35,0x20,0x5a,0x20,0x4d,0x20,0x36,0x30,0x39,0x2e,0x31,0x32,0x35,0x20,0x32,
  0x39,0x34,0x2e,0x31,0x32,0x35,0x20,0x22,0x2f,0x3e,0x3c,0x2f,0x63,0x6c,0x69,0x70,
  0x50,0x61,0x74,0x68,0x3e,0x3c,0x2f,0x64,0x65,0x66,0x73,0x3e,0x3c,0x67,0x20,0x69,
  0x64,0x3d,0x22,0x34,0x30,0x32,0x30,0x66,0x63,0x30,0x33,0x39,0x30,0x22,0x3e,0x3c,
  0x67,0x20,0x63,0x6c,0x69,0x70,0x2d,0x72,0x75,0x6c,0x65,0x3d,0x22,0x6e,0x6f,0x6e,
  0x7a,0x65,0x72,0x6f,0x22,0x20,0x63,0x6c,0x69,0x70,0x2d,0x70,0x61,0x74,0x68,0x3d,
  0x22,0x75,0x72,0x6c,0x28,0x23,0x63,0x62,0x30,0x38,0x30,0x30,0x65,0x63,0x39,0x66,
  0x29,0x22,0x3e,0x3c,0x70,0x61,0x74,0x68,0x20,0x73,0x74,0x79,0x6c,0x65,0x3d,0x22,
  0x20,0x73,0x74,0x72,0x6f,0x6b,0x65,0x3a,0x6e,0x6f,0x6e,0x65,0x3b,0x66,0x69,0x6c,
  0x6c,0x2d,0x72,0x75,0x6c,0x65,0x3a,0x6e,0x6f,0x6e,0x7a,0x65,0x72,0x6f,0x3b,0x66,
  0x69,0x6c,0x6c,0x3a,0x23,0x65,0x63,0x32,0x32,0x32,0x34,0x3b,0x66,0x69,0x6c,0x6c,
  0x2d,0x6f,0x70,0x61,0x63,0x69,0x74,0x79,0x3a,0x31,0x3b,0x22,0x20,0x64,0x3d,0x22,
  0x4d,0x20,0x36,0x30,0x39,0x2e,0x31,0x32,0x35,0x20,0x34,0x30,0x35,0x2e,0x31,0x32,
  0x38,0x39,0x30,0x36,0x20,0x43,0x20,0x36,0x30,0x39,0x2e,0x31,0x32,0x35,0x20,0x33,
  0x34,0x34,0x2e,0x30,0x30,0x33,0x39,0x30,0x36,0x20,0x36,0x35,0x38,0x2e,0x38,0x38,
  0x36,0x37,0x31,0x39,0x20,0x32,0x39,0x34,0x2e,0x31,0x32,0x35,0x20,0x37,0x32,0x30,
  0x2e,0x31,0x32,0x35,0x20,0x32,0x39,0x34,0x2e,0x31,0x32,0x35,0x20,0x43,0x20,0x37,
  0x38,0x31,0x2e,0x32,0x35,0x20,0x32,0x39,0x34,0x2e,0x31,0x32,0x35,0x20,0x38,0x33,
  0x31,0x2e,0x31,0x32,0x38,0x39,0x30,0x36,0x20,0x33,0x34,0x33,0x2e,0x38,0x39,0x30,
  0x36,0x32,0x35,0x20,0x38,0x33,0x31,0x2e,0x31,0x32,0x38,0x39,0x30,0x36,0x20,0x34,
  0x30,0x35,0x2e,0x31,0x32,0x38,0x39,0x30,0x36,0x20,0x43,0x20,0x38,0x33,0x31,0x2e,
  0x31,0x32,0x38,0x39,0x30,0x36,0x20,0x34,0x36,0x36,0x2e,0x33,0x36,0x37,0x31,0x38,
  0x38,0x20,0x37,0x38,0x31,0x2e,0x33,0x36,0x33,0x32,0x38,0x31,0x20,0x35,0x31,0x36,
  0x2e,0x31,0x33,0x32,0x38,0x31,0x32,0x20,0x37,0x32,0x30,0x2e,0x31,0x32,0x35,0x20,
  0x35,0x31,0x36,0x2e,0x31,0x33,0x32,0x38,0x31,0x32,0x20,0x43,0x20,0x36,0x35,0x38,
  0x2e,0x38,0x38,0x36,0x37,0x31,0x39,0x20,0x35,0x31,0x36,0x2e,0x30,0x31,0x35,0x36,
  0x32,0x35,0x20,0x36,0x30,0x39,0x2e,0x31,0x32,0x35,0x20,0x34,0x36,0x36,0x2e,0x32,
  0x35,0x33,0x39,0x30,0x36,0x20,0x36,0x30,0x39,0x2e,0x31,0x32,0x35,0x20,0x34,0x30,
  0x35,0x2e,0x31,0x32,0x38,0x39,0x30,0x36,0x20,0x5a,0x20,0x4d,0x20,0x36,0x30,0x39,
  0x2e,0x31,0x32,0x35,0x20,0x34,0x30,0x35,0x2e,0x31,0x32,0x38,0x39,0x30,0x36,0x20,
  0x22,0x2f,0x3e,0x3c,0x2f,0x67,0x3e,0x3c,0x70,0x61,0x74,0x68,0x20,0x73,0x74,0x79,
  0x6c,0x65,0x3d,0x22,0x20,0x73,0x74,0x72,0x6f,0x6b,0x65,0x3a,0x6e,0x6f,0x6e,0x65,
  0x3b,0x66,0x69,0x6c,0x6c,0x2d,0x72,0x75,0x6c,0x65,0x3a,0x65,0x76,0x65,0x6e,0x6f,
  0x64,0x64,0x3b,0x66,0x69,0x6c,0x6c,0x3a,0x23,0x66,0x66,0x66,0x66,0x66,0x66,0x3b,
  0x66,0x69,0x6c,0x6c,0x2d,0x6f,0x70,0x61,0x63,0x69,0x74,0x79,0x3a,0x31,0x3b,0x22,
  0x20,0x64,0x3d,0x22,0x4d,0x20,0x37,0x32,0x30,0x2e,0x31,0x32,0x35,0x20,0x34,0x39,
  0x32,0x2e,0x30,0x34,0x32,0x39,0x36,0x39,0x20,0x43,0x20,0x36,0x37,0x32,0x2e,0x31,
  0x37,0x39,0x36,0x38,0x38,0x20,0x34,0x39,0x32,0x2e,0x30,0x34,0x32,0x39,0x36,0x39,
  0x20,0x36,0x33,0x33,0x2e,0x30,0x39,0x37,0x36,0x35,0x36,0x20,0x34,0x35,0x32,0x2e,
  0x39,0x36,0x30,0x39,0x33,0x38,0x20,0x36,0x33,0x33,0x2e,0x30,0x39,0x37,0x36,0x35,
  0x36,0x20,0x34,0x30,0x35,0x2e,0x30,0x31,0x35,0x36,0x32,0x35,0x20,0x43,0x20,0x36,
  0x33,0x33,0x2e,0x30,0x39,0x37,0x36,0x35,0x36,0x20,0x33,0x35,0x37,0x2e,0x30,0x37,
  0x30,0x33,0x31,0x32,0x20,0x36,0x37,0x32,0x2e,0x31,0x37,0x39,0x36,0x38,0x38,0x20,
  0x33,0x31,0x37,0x2e,0x39,0x38,0x34,0x33,0x37,0x35,0x20,0x37,0x32,0x30,0x2e,0x31,
  0x32,0x35,0x20,0x33,0x31,0x37,0x2e,0x39,0x38,0x34,0x33,0x37,0x35,0x20,0x43,0x20,
  0x37,0x36,0x38,0x2e,0x30,0x37,0x30,0x33,0x31,0x32,0x20,0x33,0x31,0x37,0x2e,0x39,
  0x38,0x34,0x33,0x37,0x35,0x20,0x38,0x30,0x37,0x2e,0x31,0x35,0x36,0x32,0x35,0x20,
  0x33,0x35,0x37,0x2e,0x30,0x37,0x30,0x33,0x31,0x32,0x20,0x38,0x30,0x37,0x2e,0x31,
  0x35,0x36,0x32,0x35,0x20,0x34,0x30,0x35,0x2e,0x30,0x31,0x35,0x36,0x32,0x35,0x20,
  0x43,0x20,0x38,0x30,0x37,0x2e,0x30,0x34,0x32,0x39,0x36,0x39,0x20,0x34,0x35,0x33,
  0x2e,0x30,0x37,0x34,0x32,0x31,0x39,0x20,0x37,0x36,0x38,0x2e,0x30,0x37,0x30,0x33,
  0x31,0x32,0x20,0x34,0x39,0x32,0x2e,0x30,0x34,0x32,0x39,0x36,0x39,0x20,0x37,0x32,
  0x30,0x2e,0x31,0x32,0x35,0x20,0x34,0x39,0x32,0x2e,0x30,0x34,0x32,0x39,0x36,0x39,
  0x20,0x5a,0x20,0x4d,0x20,0x37,0x32,0x30,0x2e,0x31,0x32,0x35,0x20,0x34,0x39,0x32,
  0x2e,0x30,0x34,0x32,0x39,0x36,0x39,0x20,0x22,0x2f,0x3e,0x3c,0x70,0x61,0x74,0x68,
  0x20,0x73,0x74,0x79,0x6c,0x65,0x3d,0x22,0x20,0x73,0x74,0x72,0x6f,0x6b,0x65,0x3a,
  0x6e,0x6f,0x6e,0x65,0x3b,0x66,0x69,0x6c,0x6c,0x2d,0x72,0x75,0x6c,0x65,0x3a,0x6e,
  0x6f,0x6e,0x7a,0x65,0x72,0x6f,0x3b,0x66,0x69,0x6c,0x6c,0x3a,0x23,0x30,0x30,0x30,
  0x30,0x30,0x30,0x3b,0x66,0x69,0x6c,0x6c,0x2d,0x6f,0x70,0x61,0x63,0x69,0x74,0x79,
  0x3a,0x31,0x3b,0x22,0x20,0x64,0x3d,0x22,0x4d,0x20,0x36,0x39,0x36,0x2e,0x32,0x36,
  0x35,0x36,0x32,0x35,0x20,0x34,0x30,0x34,0x2e,0x36,0x37,0x35,0x37,0x38,0x31,0x20,
  0x43,0x20,0x36,0x39,0x34,0x2e,0x39,0x30,0x32,0x33,0x34,0x34,0x20,0x34,0x30,0x34,
  0x2e,0x36,0x37,0x35,0x37,0x38,0x31,0x20,0x36,0x39,0x33,0x2e,0x36,0x35,0x32,0x33,
  0x34,0x34,0x20,0x34,0x30,0x34,0x2e,0x39,0x30,0x32,0x33,0x34,0x34,0x20,0x36,0x39,
  0x32,0x2e,0x36,0x33,0x32,0x38,0x31,0x32,0x20,0x34,0x30,0x35,0x2e,0x32,0x34,0x32,
  0x31,0x38,0x38,0x20,0x43,0x20,0x36,0x39,0x30,0x2e,0x38,0x31,0x32,0x35,0x20,0x34,
  0x30,0x35,0x2e,0x39,0x32,0x35,0x37,0x38,0x31,0x20,0x36,0x38,0x39,0x2e,0x34,0x34,
  0x39,0x32,0x31,0x39,0x20,0x34,0x30,0x37,0x2e,0x30,0x35,0x38,0x35,0x39,0x34,0x20,
  0x36,0x38,0x38,0x2e,0x35,0x33,0x39,0x30,0x36,0x32,0x20,0x34,0x30,0x38,0x2e,0x38,
  0x37,0x38,0x39,0x30,0x36,0x20,0x4c,0x20,0x36,0x37,0x38,0x2e,0x30,0x38,0x39,0x38,
  0x34,0x34,0x20,0x34,0x30,0x38,0x2e,0x34,0x32,0x31,0x38,0x37,0x35,0x20,0x4c,0x20,
  0x36,0x38,0x32,0x2e,0x32,0x39,0x32,0x39,0x36,0x39,0x20,0x33,0x37,0x35,0x2e,0x35,
  0x38,0x39,0x38,0x34,0x34,0x20,0x4c,0x20,0x37,0x31,0x35,0x2e,0x30,0x31,0x31,0x37,
  0x31,0x39,0x20,0x33,0x37,0x35,0x2e,0x35,0x38,0x39,0x38,0x34,0x34,0x20,0x4c,0x20,
  0x37,0x31,0x35,0x2e,0x30,0x31,0x31,0x37,0x31,0x39,0x20,0x33,0x38,0x35,0x2e,0x34,
  0x37,0x32,0x36,0x35,0x36,0x20,0x4c,0x20,0x36,0x39,0x30,0x2e,0x36,0x39,0x39,0x32,
  0x31,0x39,0x20,0x33,0x38,0x35,0x2e,0x34,0x37,0x32,0x36,0x35,0x36,0x20,0x4c,0x20,
  0x36,0x38,0x38,0x2e,0x35,0x33,0x39,0x30,0x36,0x32,0x20,0x33,0x39,0x38,0x2e,0x34,
  0x32,0x35,0x37,0x38,0x31,0x20,0x43,0x20,0x36,0x39,0x30,0x2e,0x33,0x35,0x39,0x33,
  0x37,0x35,0x20,0x33,0x39,0x37,0x2e,0x32,0x38,0x39,0x30,0x36,0x32,0x20,0x36,0x39,
  0x31,0x2e,0x37,0x32,0x32,0x36,0x35,0x36,0x20,0x33,0x39,0x36,0x2e,0x34,0x39,0x32,
  0x31,0x38,0x38,0x20,0x36,0x39,0x32,0x2e,0x37,0x34,0x36,0x30,0x39,0x34,0x20,0x33,
  0x39,0x36,0x2e,0x30,0x33,0x39,0x30,0x36,0x32,0x20,0x43,0x20,0x36,0x39,0x34,0x2e,
  0x34,0x34,0x39,0x32,0x31,0x39,0x20,0x33,0x39,0x35,0x2e,0x33,0x35,0x39,0x33,0x37,
  0x35,0x20,0x36,0x39,0x36,0x2e,0x34,0x39,0x32,0x31,0x38,0x38,0x20,0x33,0x39,0x35,
  0x2e,0x31,0x32,0x38,0x39,0x30,0x36,0x20,0x36,0x39,0x38,0x2e,0x38,0x37,0x38,0x39,
  0x30,0x36,0x20,0x33,0x39,0x35,0x2e,0x31,0x32,0x38,0x39,0x30,0x36,0x20,0x43,0x20,
  0x37,0x30,0x33,0x2e,0x37,0x36,0x35,0x36,0x32,0x35,0x20,0x33,0x39,0x35,0x2e,0x31,
  0x32,0x38,0x39,0x30,0x36,0x20,0x37,0x30,0x38,0x2e,0x30,0x38,0x32,0x30,0x33,0x31,
  0x20,0x33,0x39,0x36,0x2e,0x38,0x33,0x35,0x39,0x33,0x38,0x20,0x37,0x31,0x31,0x2e,
  0x37,0x31,0x38,0x37,0x35,0x20,0x34,0x30,0x30,0x2e,0x31,0x32,0x38,0x39,0x30,0x36,
  0x20,0x43,0x20,0x37,0x31,0x35,0x2e,0x33,0x35,0x35,0x34,0x36,0x39,0x20,0x34,0x30,
  0x33,0x2e,0x34,0x32,0x35,0x37,0x38,0x31,0x20,0x37,0x31,0x37,0x2e,0x31,0x37,0x31,
  0x38,0x37,0x35,0x20,0x34,0x30,0x38,0x2e,0x31,0x39,0x35,0x33,0x31,0x32,0x20,0x37,
  0x31,0x37,0x2e,0x31,0x37,0x31,0x38,0x37,0x35,0x20,0x34,0x31,0x34,0x2e,0x35,0x35,
  0x38,0x35,0x39,0x34,0x20,0x43,0x20,0x37,0x31,0x37,0x2e,0x31,0x37,0x31,0x38,0x37,
  0x35,0x20,0x34,0x32,0x30,0x2e,0x30,0x31,0x31,0x37,0x31,0x39,0x20,0x37,0x31,0x35,
  0x2e,0x34,0x36,0x38,0x37,0x35,0x20,0x34,0x32,0x34,0x2e,0x38,0x39,0x38,0x34,0x33,
  0x38,0x20,0x37,0x31,0x31,0x2e,0x39,0x34,0x35,0x33,0x31,0x32,0x20,0x34,0x32,0x39,
  0x2e,0x32,0x31,0x34,0x38,0x34,0x34,0x20,0x43,0x20,0x37,0x30,0x38,0x2e,0x34,0x32,
  0x31,0x38,0x37,0x35,0x20,0x34,0x33,0x33,0x2e,0x35,0x33,0x31,0x32,0x35,0x20,0x37,
  0x30,0x33,0x2e,0x31,0x39,0x35,0x33,0x31,0x32,0x20,0x34,0x33,0x35,0x2e,0x36,0x39,
  0x31,0x34,0x30,0x36,0x20,0x36,0x39,0x36,0x2e,0x31,0x35,0x32,0x33,0x34,0x34,0x20,
  0x34,0x33,0x35,0x2e,0x36,0x39,0x31,0x34,0x30,0x36,0x20,0x43,0x20,0x36,0x39,0x30,
  0x2e,0x34,0x37,0x32,0x36,0x35,0x36,0x20,0x34,0x33,0x35,0x2e,0x36,0x39,0x31,0x34,
  0x30,0x36,0x20,0x36,0x38,0x35,0x2e,0x38,0x31,0x32,0x35,0x20,0x34,0x33,0x34,0x2e,
  0x32,0x31,0x34,0x38,0x34,0x34,0x20,0x36,0x38,0x32,0x2e,0x32,0x39,0x32,0x39,0x36,
  0x39,0x20,0x34,0x33,0x31,0x2e,0x31,0x34,0x38,0x34,0x33,0x38,0x20,0x43,0x20,0x36,
  0x37,0x38,0x2e,0x36,0x35,0x36,0x32,0x35,0x20,0x34,0x32,0x38,0x2e,0x30,0x37,0x38,
  0x31,0x32,0x35,0x20,0x36,0x37,0x36,0x2e,0x36,0x30,0x39,0x33,0x37,0x35,0x20,0x34,
  0x32,0x33,0x2e,0x38,0x37,0x35,0x20,0x36,0x37,0x36,0x2e,0x32,0x36,0x39,0x35,0x33,
  0x31,0x20,0x34,0x31,0x38,0x2e,0x33,0x30,0x38,0x35,0x39,0x34,0x20,0x4c,0x20,0x36,
  0x38,0x37,0x2e,0x38,0x35,0x39,0x33,0x37,0x35,0x20,0x34,0x31,0x38,0x2e,0x33,0x30,
  0x38,0x35,0x39,0x34,0x20,0x43,0x20,0x36,0x38,0x38,0x2e,0x33,0x31,0x32,0x35,0x20,
  0x34,0x32,0x30,0x2e,0x38,0x30,0x38,0x35,0x39,0x34,0x20,0x36,0x38,0x39,0x2e,0x32,
  0x32,0x32,0x36,0x35,0x36,0x20,0x34,0x32,0x32,0x2e,0x38,0x35,0x31,0x35,0x36,0x32,
  0x20,0x36,0x39,0x30,0x2e,0x34,0x37,0x32,0x36,0x35,0x36,0x20,0x34,0x32,0x34,0x2e,
  0x32,0x31,0x34,0x38,0x34,0x34,0x20,0x43,0x20,0x36,0x39,0x31,0x2e,0x38,0x33,0x35,
  0x39,0x33,0x38,0x20,0x34,0x32,0x35,0x2e,0x35,0x37,0x38,0x31,0x32,0x35,0x20,0x36,
  0x39,0x33,0x2e,0x36,0x35,0x32,0x33,0x34,0x34,0x20,0x34,0x32,0x36,0x2e,0x32,0x36,
  0x31,0x37,0x31,0x39,0x20,0x36,0x39,0x36,0x2e,0x31,0x35,0x32,0x33,0x34,0x34,0x20,
  0x34,0x32,0x36,0x2e,0x32,0x36,0x31,0x37,0x31,0x39,0x20,0x43,0x20,0x36,0x39,0x38,
  0x2e,0x39,0x39,0x32,0x31,0x38,0x38,0x20,0x34,0x32,0x36,0x2e,0x32,0x36,0x31,0x37,
  0x31,0x39,0x20,0x37,0x30,0x31,0x2e,0x32,0x36,0x35,0x36,0x32,0x35,0x20,0x34,0x32,
  0x35,0x2e,0x32,0x33,0x38,0x32,0x38,0x31,0x20,0x37,0x30,0x32,0x2e,0x37,0x34,0x32,
  0x31,0x38,0x38,0x20,0x34,0x32,0x33,0x2e,0x31,0x39,0x35,0x33,0x31,0x32,0x20,0x43,
  0x20,0x37,0x30,0x34,0x2e,0x32,0x31,0x38,0x37,0x35,0x20,0x34,0x32,0x31,0x2e,0x31,
  0x34,0x38,0x34,0x33,0x38,0x20,0x37,0x30,0x35,0x2e,0x30,0x31,0x35,0x36,0x32,0x35,
  0x20,0x34,0x31,0x38,0x2e,0x36,0x34,0x38,0x34,0x33,0x38,0x20,0x37,0x30,0x35,0x2e,
  0x30,0x31,0x35,0x36,0x32,0x35,0x20,0x34,0x31,0x35,0x2e,0x34,0x36,0x38,0x37,0x35,
  0x20,0x43,0x20,0x37,0x30,0x35,0x2e,0x30,0x31,0x35,0x36,0x32,0x35,0x20,0x34,0x31,
  0x32,0x2e,0x33,0x39,0x38,0x34,0x33,0x38,0x20,0x37,0x30,0x34,0x2e,0x33,0x33,0x32,
  0x30,0x33,0x31,0x20,0x34,0x30,0x39,0x2e,0x39,0x30,0x32,0x33,0x34,0x34,0x20,0x37,
  0x30,0x32,0x2e,0x38,0x35,0x35,0x34,0x36,0x39,0x20,0x34,0x30,0x37,0x2e,0x37,0x34,
  0x32,0x31,0x38,0x38,0x20,0x43,0x20,0x37,0x30,0x31,0x2e,0x34,0x39,0x32,0x31,0x38,
  0x38,0x20,0x34,0x30,0x35,0x2e,0x38,0x31,0x32,0x35,0x20,0x36,0x39,0x39,0x2e,0x32,
  0x32,0x32,0x36,0x35,0x36,0x20,0x34,0x30,0x34,0x2e,0x36,0x37,0x35,0x37,0x38,0x31,
  0x20,0x36,0x39,0x36,0x2e,0x32,0x36,0x35,0x36,0x32,0x35,0x20,0x34,0x30,0x34,0x2e,
  0x36,0x37,0x35,0x37,0x38,0x31,0x20,0x5a,0x20,0x4d,0x20,0x36,0x39,0x36,0x2e,0x32,
  0x36,0x35,0x36,0x32,0x35,0x20,0x34,0x30,0x34,0x2e,0x36,0x37,0x35,0x37,0x38,0x31,
  0x20,0x22,0x2f,0x3e,0x3c,0x70,0x61,0x74,0x68,0x20,0x73,0x74,0x79,0x6c,0x65,0x3d,
  0x22,0x20,0x73,0x74,0x72,0x6f,0x6b,0x65,0x3a,0x6e,0x6f,0x6e,0x65,0x3b,0x66,0x69,
  0x6c,0x6c,0x2d,0x72,0x75,0x6c,0x65,0x3a,0x6e,0x6f,0x6e,0x7a,0x65,0x72,0x6f,0x3b,
  0x66,0x69,0x6c,0x6c,0x3a,0x23,0x30,0x30,0x30,0x30,0x30,0x30,0x3b,0x66,0x69,0x6c,
  0x6c,0x2d,0x6f,0x70,0x61,0x63,0x69,0x74,0x79,0x3a,0x31,0x3b,0x22,0x20,0x64,0x3d,
  0x22,0x4d,0x20,0x37,0x34,0x33,0x2e,0x36,0x34,0x34,0x35,0x33,0x31,0x20,0x34,0x33,
  0x35,0x2e,0x36,0x39,0x31,0x34,0x30,0x36,0x20,0x43,0x20,0x37,0x33,0x36,0x2e,0x30,
  0x33,0x31,0x32,0x35,0x20,0x34,0x33,0x35,0x2e,0x36,0x39,0x31,0x34,0x30,0x36,0x20,
  0x37,0x33,0x30,0x2e,0x38,0x30,0x38,0x35,0x39,0x34,0x20,0x34,0x33,0x33,0x2e,0x30,
  0x37,0x38,0x31,0x32,0x35,0x20,0x37,0x32,0x37,0x2e,0x37,0x33,0x38,0x32,0x38,0x31,
  0x20,0x34,0x32,0x37,0x2e,0x37,0x33,0x38,0x32,0x38,0x31,0x20,0x43,0x20,0x37,0x32,
  0x34,0x2e,0x36,0x37,0x31,0x38,0x37,0x35,0x20,0x34,0x32,0x32,0x2e,0x33,0x39,0x38,
  0x34,0x33,0x38,0x20,0x37,0x32,0x33,0x2e,0x31,0x39,0x35,0x33,0x31,0x32,0x20,0x34,
  0x31,0x34,0x2e,0x38,0x39,0x38,0x34,0x33,0x38,0x20,0x37,0x32,0x33,0x2e,0x31,0x39,
  0x35,0x33,0x31,0x32,0x20,0x34,0x30,0x35,0x2e,0x31,0x32,0x38,0x39,0x30,0x36,0x20,
  0x43,0x20,0x37,0x32,0x33,0x2e,0x31,0x39,0x35,0x33,0x31,0x32,0x20,0x33,0x39,0x35,
  0x2e,0x33,0x35,0x39,0x33,0x37,0x35,0x20,0x37,0x32,0x34,0x2e,0x36,0x37,0x31,0x38,
  0x37,0x35,0x20,0x33,0x38,0x37,0x2e,0x37,0x34,0x36,0x30,0x39,0x34,0x20,0x37,0x32,
  0x37,0x2e,0x37,0x33,0x38,0x32,0x38,0x31,0x20,0x33,0x38,0x32,0x2e,0x34,0x30,0x36,
  0x32,0x35,0x20,0x43,0x20,0x37,0x33,0x30,0x2e,0x38,0x30,0x38,0x35,0x39,0x34,0x20,
  0x33,0x37,0x37,0x2e,0x30,0x36,0x36,0x34,0x30,0x36,0x20,0x37,0x33,0x36,0x2e,0x30,
  0x33,0x31,0x32,0x35,0x20,0x33,0x37,0x34,0x2e,0x34,0x35,0x33,0x31,0x32,0x35,0x20,
  0x37,0x34,0x33,0x2e,0x36,0x34,0x34,0x35,0x33,0x31,0x20,0x33,0x37,0x34,0x2e,0x34,
  0x35,0x33,0x31,0x32,0x35,0x20,0x43,0x20,0x37,0x35,0x31,0x2e,0x32,0x35,0x37,0x38,
  0x31,0x32,0x20,0x33,0x37,0x34,0x2e,0x34,0x35,0x33,0x31,0x32,0x35,0x20,0x37,0x35,
  0x36,0x2e,0x34,0x38,0x34,0x33,0x37,0x35,0x20,0x33,0x37,0x37,0x2e,0x30,0x36,0x36,
  0x34,0x30,0x36,0x20,0x37,0x35,0x39,0x2e,0x35,0x35,0x30,0x37,0x38,0x31,0x20,0x33,
  0x38,0x32,0x2e,0x34,0x30,0x36,0x32,0x35,0x20,0x43,0x20,0x37,0x36,0x32,0x2e,0x36,
  0x31,0x37,0x31,0x38,0x38,0x20,0x33,0x38,0x37,0x2e,0x37,0x34,0x36,0x30,0x39,0x34,
  0x20,0x37,0x36,0x34,0x2e,0x30,0x39,0x37,0x36,0x35,0x36,0x20,0x33,0x39,0x35,0x2e,
  0x32,0x34,0x36,0x30,0x39,0x34,0x20,0x37,0x36,0x34,0x2e,0x30,0x39,0x37,0x36,0x35,
  0x36,0x20,0x34,0x30,0x35,0x2e,0x31,0x32,0x38,0x39,0x30,0x36,0x20,0x43,0x20,0x37,
  0x36,0x34,0x2e,0x30,0x39,0x37,0x36,0x35,0x36,0x20,0x34,0x31,0x34,0x2e,0x38,0x39,
  0x38,0x34,0x33,0x38,0x20,0x37,0x36,0x32,0x2e,0x36,0x31,0x37,0x31,0x38,0x38,0x20,
  0x34,0x32,0x32,0x2e,0x35,0x31,0x31,0x37,0x31,0x39,0x20,0x37,0x35,0x39,0x2e,0x35,
  0x35,0x30,0x37,0x38,0x31,0x20,0x34,0x32,0x37,0x2e,0x37,0x33,0x38,0x32,0x38,0x31,
  0x20,0x43,0x20,0x37,0x35,0x36,0x2e,0x34,0x38,0x34,0x33,0x37,0x35,0x20,0x34,0x33,
  0x32,0x2e,0x39,0x36,0x34,0x38,0x34,0x34,0x20,0x37,0x35,0x31,0x2e,0x31,0x34,0x34,
  0x35,0x33,0x31,0x20,0x34,0x33,0x35,0x2e,0x36,0x39,0x31,0x34,0x30,0x36,0x20,0x37,
  0x34,0x33,0x2e,0x36,0x34,0x34,0x35,0x33,0x31,0x20,0x34,0x33,0x35,0x2e,0x36,0x39,
  0x31,0x34,0x30,0x36,0x20,0x5a,0x20,0x4d,0x20,0x37,0x35,0x30,0x2e,0x34,0x36,0x30,
  0x39,0x33,0x38,0x20,0x34,0x32,0x30,0x2e,0x36,0x39,0x35,0x33,0x31,0x32,0x20,0x43,
  0x20,0x37,0x35,0x31,0x2e,0x34,0x38,0x34,0x33,0x37,0x35,0x20,0x34,0x31,0x37,0x2e,
  0x30,0x35,0x38,0x35,0x39,0x34,0x20,0x37,0x35,0x32,0x2e,0x30,0x35,0x34,0x36,0x38,
  0x38,0x20,0x34,0x31,0x31,0x2e,0x38,0x33,0x32,0x30,0x33,0x31,0x20,0x37,0x35,0x32,
  0x2e,0x30,0x35,0x34,0x36,0x38,0x38,0x20,0x34,0x30,0x35,0x2e,0x30,0x31,0x35,0x36,
  0x32,0x35,0x20,0x43,0x20,0x37,0x35,0x32,0x2e,0x30,0x35,0x34,0x36,0x38,0x38,0x20,
  0x33,0x39,0x37,0x2e,0x38,0x35,0x35,0x34,0x36,0x39,0x20,0x37,0x35,0x31,0x2e,0x34,
  0x38,0x34,0x33,0x37,0x35,0x20,0x33,0x39,0x32,0x2e,0x35,0x31,0x35,0x36,0x32,0x35,
  0x20,0x37,0x35,0x30,0x2e,0x34,0x36,0x30,0x39,0x33,0x38,0x20,0x33,0x38,0x39,0x2e,
  0x31,0x30,0x39,0x33,0x37,0x35,0x20,0x43,0x20,0x37,0x34,0x39,0x2e,0x34,0x34,0x31,
  0x34,0x30,0x36,0x20,0x33,0x38,0x35,0x2e,0x36,0x39,0x39,0x32,0x31,0x39,0x20,0x37,
  0x34,0x37,0x2e,0x31,0x36,0x37,0x39,0x36,0x39,0x20,0x33,0x38,0x33,0x2e,0x39,0x39,
  0x36,0x30,0x39,0x34,0x20,0x37,0x34,0x33,0x2e,0x36,0x34,0x34,0x35,0x33,0x31,0x20,
  0x33,0x38,0x33,0x2e,0x39,0x39,0x36,0x30,0x39,0x34,0x20,0x43,0x20,0x37,0x34,0x30,
  0x2e,0x32,0x33,0x38,0x32,0x38,0x31,0x20,0x33,0x38,0x33,0x2e,0x39,0x39,0x36,0x30,
  0x39,0x34,0x20,0x37,0x33,0x37,0x2e,0x38,0x35,0x31,0x35,0x36,0x32,0x20,0x33,0x38,
  0x35,0x2e,0x36,0x39,0x39,0x32,0x31,0x39,0x20,0x37,0x33,0x36,0x2e,0x37,0x31,0x34,
  0x38,0x34,0x34,0x20,0x33,0x38,0x39,0x2e,0x31,0x30,0x39,0x33,0x37,0x35,0x20,0x43,
  0x20,0x37,0x33,0x35,0x2e,0x35,0x37,0x38,0x31,0x32,0x35,0x20,0x33,0x39,0x32,0x2e,
  0x35,0x31,0x35,0x36,0x32,0x35,0x20,0x37,0x33,0x35,0x2e,0x30,0x31,0x31,0x37,0x31,
  0x39,0x20,0x33,0x39,0x37,0x2e,0x38,0x35,0x35,0x34,0x36,0x39,0x20,0x37,0x33,0x35,
  0x2e,0x30,0x31,0x31,0x37,0x31,0x39,0x20,0x34,0x30,0x35,0x2e,0x30,0x31,0x35,0x36,
  0x32,0x35,0x20,0x43,0x20,0x37,0x33,0x35,0x2e,0x30,0x31,0x31,0x37,0x31,0x39,0x20,
  0x34,0x31,0x31,0x2e,0x38,0x33,0x32,0x30,0x33,0x31,0x20,0x37,0x33,0x35,0x2e,0x35,
  0x37,0x38,0x31,0x32,0x35,0x20,0x34,0x31,0x37,0x2e,0x30,0x35,0x38,0x35,0x39,0x34,
  0x20,0x37,0x33,0x36,0x2e,0x37,0x31,0x34,0x38,0x34,0x34,0x20,0x34,0x32,0x30,0x2e,
  0x36,0x39,0x35,0x33,0x31,0x32,0x20,0x43,0x20,0x37,0x33,0x37,0x2e,0x38,0x35,0x31,
  0x35,0x36,0x32,0x20,0x34,0x32,0x34,0x2e,0x33,0x32,0x38,0x31,0x32,0x35,0x20,0x37,
  0x34,0x30,0x2e,0x31,0x32,0x35,0x20,0x34,0x32,0x36,0x2e,0x31,0x34,0x38,0x34,0x33,
  0x38,0x20,0x37,0x34,0x33,0x2e,0x36,0x34,0x34,0x35,0x33,0x31,0x20,0x34,0x32,0x36,
  0x2e,0x31,0x34,0x38,0x34,0x33,0x38,0x20,0x43,0x20,0x37,0x34,0x37,0x2e,0x30,0x35,
  0x34,0x36,0x38,0x38,0x20,0x34,0x32,0x36,0x2e,0x31,0x34,0x38,0x34,0x33,0x38,0x20,
  0x37,0x34,0x39,0x2e,0x33,0x32,0x34,0x32,0x31,0x39,0x20,0x34,0x32,0x34,0x2e,0x33,
  0x32,0x38,0x31,0x32,0x35,0x20,0x37,0x35,0x30,0x2e,0x34,0x36,0x30,0x39,0x33,0x38,
  0x20,0x34,0x32,0x30,0x2e,0x36,0x39,0x35,0x33,0x31,0x32,0x20,0x5a,0x20,0x4d,0x20,
  0x37,0x35,0x30,0x2e,0x34,0x36,0x30,0x39,0x33,0x38,0x20,0x34,0x32,0x30,0x2e,0x36,
  0x39,0x35,0x33,0x31,0x32,0x20,0x22,0x2f,0x3e,0x3c,0x2f,0x67,0x3e,0x3c,0x2f,0x73,
  0x76,0x67,0x3e,
    // 100.svg
  0x0,0x0,0x10,0x6c,
  0x3c,
  0x73,0x76,0x67,0x20,0x78,0x6d,0x6c,0x6e,0x73,0x3d,0x22,0x68,0x74,0x74,0x70,0x3a,
  0x2f,0x2f,0x77,0x77,0x77,0x2e,0x77,0x33,0x2e,0x6f,0x72,0x67,0x2f,0x32,0x30,0x30,
  0x30,0x2f,0x73,0x76,0x67,0x22,0x20,0x78,0x6d,0x6c,0x6e,0x73,0x3a,0x78,0x6c,0x69,
  0x6e,0x6b,0x3d,0x22,0x68,0x74,0x74,0x70,0x3a,0x2f,0x2f,0x77,0x77,0x77,0x2e,0x77,
  0x33,0x2e,0x6f,0x72,0x67,0x2f,0x31,0x39,0x39,0x39,0x2f,0x78,0x6c,0x69,0x6e,0x6b,
  0x22,0x20,0x77,0x69,0x64,0x74,0x68,0x3d,0x22,0x31,0x39,0x32,0x30,0x22,0x20,0x7a,
  0x6f,0x6f,0x6d,0x41,0x6e,0x64,0x50,0x61,0x6e,0x3d,0x22,0x6d,0x61,0x67,0x6e,0x69,
  0x66,0x79,0x22,0x20,0x76,0x69,0x65,0x77,0x42,0x6f,0x78,0x3d,0x22,0x30,0x20,0x30,
  0x20,0x31,0x34,0x34,0x30,0x20,0x38,0x30,0x39,0x2e,0x39,0x39,0x39,0x39,0x39,0x33,
  0x22,0x20,0x68,0x65,0x69,0x67,0x68,0x74,0x3d,0x22,0x31,0x30,0x38,0x30,0x22,0x20,
  0x70,0x72,0x65,0x73,0x65,0x72,0x76,0x65,0x41,0x73,0x70,0x65,0x63,0x74,0x52,0x61,
  0x74,0x69,0x6f,0x3d,0x22,0x78,0x4d,0x69,0x64,0x59,0x4d,0x69,0x64,0x20,0x6d,0x65,
  0x65,0x74,0x22,0x20,0x76,0x65,0x72,0x73,0x69,0x6f,0x6e,0x3d,0x22,0x31,0x2e,0x32,
  0x22,0x3e,0x3c,0x64,0x65,0x66,0x73,0x3e,0x3c,0x63,0x6c,0x69,0x70,0x50,0x61,0x74,
  0x68,0x20,0x69,0x64,0x3d,0x22,0x64,0x35,0x30,0x33,0x66,0x64,0x31,0x38,0x37,0x38,
  0x22,0x3e,0x3c,0x70,0x61,0x74,0x68,0x20,0x64,0x3d,0x22,0x4d,0x20,0x36,0x30,0x39,
  0x2e,0x31,0x32,0x35,0x20,0x32,0x39,0x34,0x2e,0x31,0x32,0x35,0x20,0x4c,0x20,0x38,
  0x33,0x31,0x2e,0x31,0x32,0x35,0x20,0x32,0x39,0x34,0x2e,0x31,0x32,0x35,0x20,0x4c,
  0x20,0x38,0x33,0x31,0x2e,0x31,0x32,0x35,0x20,0x35,0x31,0x36,0x2e,0x31,0x32,0x35,
  0x20,0x4c,0x20,0x36,0x30,0x39,0x2e,0x31,0x32,0x35,0x20,0x35,0x31,0x36,0x2e,0x31,
  0x32,0x35,0x20,0x5a,0x20,0x4d,0x20,0x36,0x30,0x39,0x2e,0x31,0x32,0x35,0x20,0x32,
  0x39,0x34,0x2e,0x31,0x32,0x35,0x20,0x22,0x2f,0x3e,0x3c,0x2f,0x63,0x6c,0x69,0x70,
  0x50,0x61,0x74,0x68,0x3e,0x3c,0x2f,0x64,0x65,0x66,0x73,0x3e,0x3c,0x67,0x20,0x69,
  0x64,0x3d,0x22,0x32,0x35,0x34,0x39,0x61,0x34,0x35,0x61,0x39,0x31,0x22,0x3e,0x3c,
  0x67,0x20,0x63,0x6c,0x69,0x70,0x2d,0x72,0x75,0x6c,0x65,0x3d,0x22,0x6e,0x6f,0x6e,
  0x7a,0x65,0x72,0x6f,0x22,0x20,0x63,0x6c,0x69,0x70,0x2d,0x70,0x61,0x74,0x68,0x3d,
  0x22,0x75,0x72,0x6c,0x28,0x23,0x64,0x35,0x30,0x33,0x66,0x64,0x31,0x38,0x37,0x38,
  0x29,0x22,0x3e,0x3c,0x70,0x61,0x74,0x68,0x20,0x73,0x74,0x79,0x6c,0x65,0x3d,0x22,
  0x20,0x73,0x74,0x72,0x6f,0x6b,0x65,0x3a,0x6e,0x6f,0x6e,0x65,0x3b,0x66,0x69,0x6c,
  0x6c,0x2d,0x72,0x75,0x6c,0x65,0x3a,0x6e,0x6f,0x6e,0x7a,0x65,0x72,0x6f,0x3b,0x66,
  0x69,0x6c,0x6c,0x3a,0x23,0x65,0x63,0x32,0x32,0x32,0x34,0x3b,0x66,0x69,0x6c,0x6c,
  0x2d,0x6f,0x70,0x61,0x63,0x69,0x74,0x79,0x3a,0x31,0x3b,0x22,0x20,0x64,0x3d,0x22,
  0x4d,0x20,0x36,0x30,0x39,0x2e,0x31,0x32,0x31,0x30,0x39,0x34,0x20,0x34,0x30,0x35,
  0x2e,0x31,0x32,0x38,0x39,0x30,0x36,0x20,0x43,0x20,0x36,0x30,0x39,0x2e,0x31,0x32,
  0x31,0x30,0x39,0x34,0x20,0x33,0x34,0x34,0x2e,0x30,0x30,0x33,0x39,0x30,0x36,0x20,
  0x36,0x35,0x38,0x2e,0x38,0x38,0x36,0x37,0x31,0x39,0x20,0x32,0x39,0x34,0x2e,0x31,
  0x32,0x35,0x20,0x37,0x32,0x30,0x2e,0x31,0x32,0x35,0x20,0x32,0x39,0x34,0x2e,0x31,
  0x32,0x35,0x20,0x43,0x20,0x37,0x38,0x31,0x2e,0x32,0x35,0x20,0x32,0x39,0x34,0x2e,
  0x31,0x32,0x35,0x20,0x38,0x33,0x31,0x2e,0x31,0x32,0x35,0x20,0x33,0x34,0x33,0x2e,
  0x38,0x39,0x30,0x36,0x32,0x35,0x20,0x38,0x33,0x31,0x2e,0x31,0x32,0x35,0x20,0x34,
  0x30,0x35,0x2e,0x31,0x32,0x38,0x39,0x30,0x36,0x20,0x43,0x20,0x38,0x33,0x31,0x2e,
  0x31,0x32,0x35,0x20,0x34,0x36,0x36,0x2e,0x33,0x36,0x37,0x31,0x38,0x38,0x20,0x37,
  0x38,0x31,0x2e,0x33,0x36,0x33,0x32,0x38,0x31,0x20,0x35,0x31,0x36,0x2e,0x31,0x33,
  0x32,0x38,0x31,0x32,0x20,0x37,0x32,0x30,0x2e,0x31,0x32,0x35,0x20,0x35,0x31,0x36,
  0x2e,0x31,0x33,0x32,0x38,0x31,0x32,0x20,0x43,0x20,0x36,0x35,0x38,0x2e,0x38,0x38,
  0x36,0x37,0x31,0x39,0x20,0x35,0x31,0x36,0x2e,0x30,0x31,0x35,0x36,0x32,0x35,0x20,
  0x36,0x30,0x39,0x2e,0x31,0x32,0x31,0x30,0x39,0x34,0x20,0x34,0x36,0x36,0x2e,0x32,
  0x35,0x33,0x39,0x30,0x36,0x20,0x36,0x30,0x39,0x2e,0x31,0x32,0x31,0x30,0x39,0x34,
  0x20,0x34,0x30,0x35,0x2e,0x31,0x32,0x38,0x39,0x30,0x36,0x20,0x5a,0x20,0x4d,0x20,
  0x36,0x30,0x39,0x2e,0x31,0x32,0x31,0x30,0x39,0x34,0x20,0x34,0x30,0x35,0x2e,0x31,
  0x32,0x38,0x39,0x30,0x36,0x20,0x22,0x2f,0x3e,0x3c,0x2f,0x67,0x3e,0x3c,0x70,0x61,
  0x74,0x68,0x20,0x73,0x74,0x79,0x6c,0x65,0x3d,0x22,0x20,0x73,0x74,0x72,0x6f,0x6b,
  0x65,0x3a,0x6e,0x6f,0x6e,0x65,0x3b,0x66,0x69,0x6c,0x6c,0x2d,0x72,0x75,0x6c,0x65,
  0x3a,0x65,0x76,0x65,0x6e,0x6f,0x64,0x64,0x3b,0x66,0x69,0x6c,0x6c,0x3a,0x23,0x66,
  0x66,0x66,0x66,0x66,0x66,0x3b,0x66,0x69,0x6c,0x6c,0x2d,0x6f,0x70,0x61,0x63,0x69,
  0x74,0x79,0x3a,0x31,0x3b,0x22,0x20,0x64,0x3d,0x22,0x4d,0x20,0x37,0x32,0x30,0x2e,
  0x31,0x32,0x35,0x20,0x34,0x39,0x32,0x2e,0x30,0x34,0x32,0x39,0x36,0x39,0x20,0x43,
  0x20,0x36,0x37,0x32,0x2e,0x31,0x37,0x39,0x36,0x38,0x38,0x20,0x34,0x39,0x32,0x2e,
  0x30,0x34,0x32,0x39,0x36,0x39,0x20,0x36,0x33,0x33,0x2e,0x30,0x39,0x33,0x37,0x35,
  0x20,0x34,0x35,0x32,0x2e,0x39,0x36,0x30,0x39,0x33,0x38,0x20,0x36,0x33,0x33,0x2e,
  0x30,0x39,0x33,0x37,0x35,0x20,0x34,0x30,0x35,0x2e,0x30,0x31,0x35,0x36,0x32,0x35,
  0x20,0x43,0x20,0x36,0x33,0x33,0x2e,0x30,0x39,0x33,0x37,0x35,0x20,0x33,0x35,0x37,
  0x2e,0x30,0x37,0x30,0x33,0x31,0x32,0x20,0x36,0x37,0x32,0x2e,0x31,0x37,0x39,0x36,
  0x38,0x38,0x20,0x33,0x31,0x37,0x2e,0x39,0x38,0x34,0x33,0x37,0x35,0x20,0x37,0x32,
  0x30,0x2e,0x31,0x32,0x35,0x20,0x33,0x31,0x37,0x2e,0x39,0x38,0x34,0x33,0x37,0x35,
  0x20,0x43,0x20,0x37,0x36,0x38,0x2e,0x30,0x37,0x30,0x33,0x31,0x32,0x20,0x33,0x31,
  0x37,0x2e,0x39,0x38,0x34,0x33,0x37,0x35,0x20,0x38,0x30,0x37,0x2e,0x31,0x35,0x36,
  0x32,0x35,0x20,0x33,0x35,0x37,0x2e,0x30,0x37,0x30,0x33,0x31,0x32,0x20,0x38,0x30,
  0x37,0x2e,0x31,0x35,0x36,0x32,0x35,0x20,0x34,0x30,0x35,0x2e,0x30,0x31,0x35,0x36,
  0x32,0x35,0x20,0x43,0x20,0x38,0x30,0x37,0x2e,0x30,0x34,0x32,0x39,0x36,0x39,0x20,
  0x34,0x35,0x33,0x2e,0x30,0x37,0x34,0x32,0x31,0x39,0x20,0x37,0x36,0x38,0x2e,0x30,
  0x37,0x30,0x33,0x31,0x32,0x20,0x34,0x39,0x32,0x2e,0x30,0x34,0x32,0x39,0x36,0x39,
  0x20,0x37,0x32,0x30,0x2e,0x31,0x32,0x35,0x20,0x34,0x39,0x32,0x2e,0x30,0x34,0x32,
  0x39,0x36,0x39,0x20,0x5a,0x20,0x4d,0x20,0x37,0x32,0x30,0x2e,0x31,0x32,0x35,0x20,
  0x34,0x39,0x32,0x2e,0x30,0x34,0x32,0x39,0x36,0x39,0x20,0x22,0x2f,0x3e,0x3c,0x70,
  0x61,0x74,0x68,0x20,0x73,0x74,0x79,0x6c,0x65,0x3d,0x22,0x20,0x73,0x74,0x72,0x6f,
  0x6b,0x65,0x3a,0x6e,0x6f,0x6e,0x65,0x3b,0x66,0x69,0x6c,0x6c,0x2d,0x72,0x75,0x6c,
  0x65,0x3a,0x6e,0x6f,0x6e,0x7a,0x65,0x72,0x6f,0x3b,0x66,0x69,0x6c,0x6c,0x3a,0x23,
  0x30,0x30,0x30,0x30,0x30,0x30,0x3b,0x66,0x69,0x6c,0x6c,0x2d,0x6f,0x70,0x61,0x63,
  0x69,0x74,0x79,0x3a,0x31,0x3b,0x22,0x20,0x64,0x3d,0x22,0x4d,0x20,0x36,0x38,0x30,
  0x2e,0x34,0x37,0x32,0x36,0x35,0x36,0x20,0x34,0x33,0x34,0x2e,0x32,0x31,0x34,0x38,
  0x34,0x34,0x20,0x4c,0x20,0x36,0x36,0x38,0x2e,0x35,0x34,0x32,0x39,0x36,0x39,0x20,
  0x34,0x33,0x34,0x2e,0x32,0x31,0x34,0x38,0x34,0x34,0x20,0x4c,0x20,0x36,0x36,0x38,
  0x2e,0x35,0x34,0x32,0x39,0x36,0x39,0x20,0x33,0x39,0x33,0x2e,0x33,0x31,0x32,0x35,
  0x20,0x4c,0x20,0x36,0x35,0x34,0x2e,0x35,0x37,0x30,0x33,0x31,0x32,0x20,0x33,0x39,
  0x33,0x2e,0x33,0x31,0x32,0x35,0x20,0x4c,0x20,0x36,0x35,0x34,0x2e,0x35,0x37,0x30,
  0x33,0x31,0x32,0x20,0x33,0x38,0x35,0x2e,0x33,0x35,0x39,0x33,0x37,0x35,0x20,0x43,
  0x20,0x36,0x35,0x38,0x2e,0x32,0x30,0x33,0x31,0x32,0x35,0x20,0x33,0x38,0x35,0x2e,
  0x32,0x34,0x36,0x30,0x39,0x34,0x20,0x36,0x36,0x30,0x2e,0x38,0x31,0x36,0x34,0x30,
  0x36,0x20,0x33,0x38,0x34,0x2e,0x39,0x30,0x36,0x32,0x35,0x20,0x36,0x36,0x32,0x2e,
  0x32,0x39,0x32,0x39,0x36,0x39,0x20,0x33,0x38,0x34,0x2e,0x36,0x37,0x39,0x36,0x38,
  0x38,0x20,0x43,0x20,0x36,0x36,0x34,0x2e,0x36,0x37,0x39,0x36,0x38,0x38,0x20,0x33,
  0x38,0x34,0x2e,0x31,0x30,0x39,0x33,0x37,0x35,0x20,0x36,0x36,0x36,0x2e,0x35,0x20,
  0x33,0x38,0x33,0x2e,0x30,0x38,0x35,0x39,0x33,0x38,0x20,0x36,0x36,0x37,0x2e,0x39,
  0x37,0x36,0x35,0x36,0x32,0x20,0x33,0x38,0x31,0x2e,0x36,0x30,0x39,0x33,0x37,0x35,
  0x20,0x43,0x20,0x36,0x36,0x39,0x20,0x33,0x38,0x30,0x2e,0x35,0x38,0x35,0x39,0x33,
  0x38,0x20,0x36,0x36,0x39,0x2e,0x37,0x39,0x32,0x39,0x36,0x39,0x20,0x33,0x37,0x39,
  0x2e,0x31,0x30,0x39,0x33,0x37,0x35,0x20,0x36,0x37,0x30,0x2e,0x32,0x34,0x36,0x30,
  0x39,0x34,0x20,0x33,0x37,0x37,0x2e,0x34,0x30,0x36,0x32,0x35,0x20,0x43,0x20,0x36,
  0x37,0x30,0x2e,0x35,0x38,0x39,0x38,0x34,0x34,0x20,0x33,0x37,0x36,0x2e,0x33,0x38,
  0x32,0x38,0x31,0x32,0x20,0x36,0x37,0x30,0x2e,0x37,0x30,0x33,0x31,0x32,0x35,0x20,
  0x33,0x37,0x35,0x2e,0x35,0x38,0x39,0x38,0x34,0x34,0x20,0x36,0x37,0x30,0x2e,0x37,
  0x30,0x33,0x31,0x32,0x35,0x20,0x33,0x37,0x35,0x2e,0x30,0x31,0x39,0x35,0x33,0x31,
  0x20,0x4c,0x20,0x36,0x38,0x30,0x2e,0x33,0x35,0x39,0x33,0x37,0x35,0x20,0x33,0x37,
  0x35,0x2e,0x30,0x31,0x39,0x35,0x33,0x31,0x20,0x4c,0x20,0x36,0x38,0x30,0x2e,0x33,
  0x35,0x39,0x33,0x37,0x35,0x20,0x34,0x33,0x34,0x2e,0x32,0x31,0x34,0x38,0x34,0x34,
  0x20,0x5a,0x20,0x4d,0x20,0x36,0x38,0x30,0x2e,0x34,0x37,0x32,0x36,0x35,0x36,0x20,
  0x34,0x33,0x34,0x2e,0x32,0x31,0x34,0x38,0x34,0x34,0x20,0x22,0x2f,0x3e,0x3c,0x70,
  0x61,0x74,0x68,0x20,0x73,0x74,0x79,0x6c,0x65,0x3d,0x22,0x20,0x73,0x74,0x72,0x6f,
  0x6b,0x65,0x3a,0x6e,0x6f,0x6e,0x65,0x3b,0x66,0x69,0x6c,0x6c,0x2d,0x72,0x75,0x6c,
  0x65,0x3a,0x6e,0x6f,0x6e,0x7a,0x65,0x72,0x6f,0x3b,0x66,0x69,0x6c,0x6c,0x3a,0x23,
  0x30,0x30,0x30,0x30,0x30,0x30,0x3b,0x66,0x69,0x6c,0x6c,0x2d,0x6f,0x70,0x61,0x63,
  0x69,0x74,0x79,0x3a,0x31,0x3b,0x22,0x20,0x64,0x3d,0x22,0x4d,0x20,0x37,0x31,0x38,
  0x2e,0x35,0x33,0x35,0x31,0x35,0x36,0x20,0x34,0x33,0x35,0x2e,0x36,0x39,0x31,0x34,
  0x30,0x36,0x20,0x43,0x20,0x37,0x31,0x30,0x2e,0x39,0x32,0x31,0x38,0x37,0x35,0x20,
  0x34,0x33,0x35,0x2e,0x36,0x39,0x31,0x34,0x30,0x36,0x20,0x37,0x30,0x35,0x2e,0x36,
  0x39,0x35,0x33,0x31,0x32,0x20,0x34,0x33,0x33,0x2e,0x30,0x37,0x38,0x31,0x32,0x35,
  0x20,0x37,0x30,0x32,0x2e,0x36,0x32,0x38,0x39,0x30,0x36,0x20,0x34,0x32,0x37,0x2e,
  0x37,0x33,0x38,0x32,0x38,0x31,0x20,0x43,0x20,0x36,0x39,0x39,0x2e,0x35,0x35,0x38,
  0x35,0x39,0x34,0x20,0x34,0x32,0x32,0x2e,0x33,0x39,0x38,0x34,0x33,0x38,0x20,0x36,
  0x39,0x38,0x2e,0x30,0x38,0x32,0x30,0x33,0x31,0x20,0x34,0x31,0x34,0x2e,0x38,0x39,
  0x38,0x34,0x33,0x38,0x20,0x36,0x39,0x38,0x2e,0x30,0x38,0x32,0x30,0x33,0x31,0x20,
  0x34,0x30,0x35,0x2e,0x31,0x32,0x38,0x39,0x30,0x36,0x20,0x43,0x20,0x36,0x39,0x38,
  0x2e,0x30,0x38,0x32,0x30,0x33,0x31,0x20,0x33,0x39,0x35,0x2e,0x33,0x35,0x39,0x33,
  0x37,0x35,0x20,0x36,0x39,0x39,0x2e,0x35,0x35,0x38,0x35,0x39,0x34,0x20,0x33,0x38,
  0x37,0x2e,0x37,0x34,0x36,0x30,0x39,0x34,0x20,0x37,0x30,0x32,0x2e,0x36,0x32,0x38,
  0x39,0x30,0x36,0x20,0x33,0x38,0x32,0x2e,0x34,0x30,0x36,0x32,0x35,0x20,0x43,0x20,
  0x37,0x30,0x35,0x2e,0x36,0x39,0x35,0x33,0x31,0x32,0x20,0x33,0x37,0x37,0x2e,0x30,
  0x36,0x36,0x34,0x30,0x36,0x20,0x37,0x31,0x30,0x2e,0x39,0x32,0x31,0x38,0x37,0x35,
  0x20,0x33,0x37,0x34,0x2e,0x34,0x35,0x33,0x31,0x32,0x35,0x20,0x37,0x31,0x38,0x2e,
  0x35,0x33,0x35,0x31,0x35,0x36,0x20,0x33,0x37,0x34,0x2e,0x34,0x35,0x33,0x31,0x32,
  0x35,0x20,0x43,0x20,0x37,0x32,0x36,0x2e,0x31,0x34,0x34,0x35,0x33,0x31,0x20,0x33,
  0x37,0x34,0x2e,0x34,0x35,0x33,0x31,0x32,0x35,0x20,0x37,0x33,0x31,0x2e,0x33,0x37,
  0x31,0x30,0x39,0x34,0x20,0x33,0x37,0x37,0x2e,0x30,0x36,0x36,0x34,0x30,0x36,0x20,
  0x37,0x33,0x34,0x2e,0x34,0x34,0x31,0x34,0x30,0x36,0x20,0x33,0x38,0x32,0x2e,0x34,
  0x30,0x36,0x32,0x35,0x20,0x43,0x20,0x37,0x33,0x37,0x2e,0x35,0x30,0x37,0x38,0x31,
  0x32,0x20,0x33,0x38,0x37,0x2e,0x37,0x34,0x36,0x30,0x39,0x34,0x20,0x37,0x33,0x38,
  0x2e,0x39,0x38,0x34,0x33,0x37,0x35,0x20,0x33,0x39,0x35,0x2e,0x32,0x34,0x32,0x31,
  0x38,0x38,0x20,0x37,0x33,0x38,0x2e,0x39,0x38,0x34,0x33,0x37,0x35,0x20,0x34,0x30,
  0x35,0x2e,0x31,0x32,0x38,0x39,0x30,0x36,0x20,0x43,0x20,0x37,0x33,0x38,0x2e,0x39,
  0x38,0x34,0x33,0x37,0x35,0x20,0x34,0x31,0x34,0x2e,0x38,0x39,0x38,0x34,0x33,0x38,
  0x20,0x37,0x33,0x37,0x2e,0x35,0x30,0x37,0x38,0x31,0x32,0x20,0x34,0x32,0x32,0x2e,
  0x35,0x31,0x31,0x37,0x31,0x39,0x20,0x37,0x33,0x34,0x2e,0x34,0x34,0x31,0x34,0x30,
  0x36,0x20,0x34,0x32,0x37,0x2e,0x37,0x33,0x38,0x32,0x38,0x31,0x20,0x43,0x20,0x37,
  0x33,0x31,0x2e,0x33,0x37,0x31,0x30,0x39,0x34,0x20,0x34,0x33,0x33,0x2e,0x30,0x37,
  0x38,0x31,0x32,0x35,0x20,0x37,0x32,0x36,0x2e,0x30,0x33,0x31,0x32,0x35,0x20,0x34,
  0x33,0x35,0x2e,0x36,0x39,0x31,0x34,0x30,0x36,0x20,0x37,0x31,0x38,0x2e,0x35,0x33,
  0x35,0x31,0x35,0x36,0x20,0x34,0x33,0x35,0x2e,0x36,0x39,0x31,0x34,0x30,0x36,0x20,
  0x5a,0x20,0x4d,0x20,0x37,0x32,0x35,0x2e,0x33,0x35,0x31,0x35,0x36,0x32,0x20,0x34,
  0x32,0x30,0x2e,0x38,0x30,0x38,0x35,0x39,0x34,0x20,0x43,0x20,0x37,0x32,0x36,0x2e,
  0x33,0x37,0x31,0x30,0x39,0x34,0x20,0x34,0x31,0x37,0x2e,0x31,0x37,0x31,0x38,0x37,
  0x35,0x20,0x37,0x32,0x36,0x2e,0x39,0x34,0x31,0x34,0x30,0x36,0x20,0x34,0x31,0x31,
  0x2e,0x39,0x34,0x35,0x33,0x31,0x32,0x20,0x37,0x32,0x36,0x2e,0x39,0x34,0x31,0x34,
  0x30,0x36,0x20,0x34,0x30,0x35,0x2e,0x31,0x32,0x38,0x39,0x30,0x36,0x20,0x43,0x20,
  0x37,0x32,0x36,0x2e,0x39,0x34,0x31,0x34,0x30,0x36,0x20,0x33,0x39,0x37,0x2e,0x39,
  0x37,0x32,0x36,0x35,0x36,0x20,0x37,0x32,0x36,0x2e,0x33,0x37,0x31,0x30,0x39,0x34,
  0x20,0x33,0x39,0x32,0x2e,0x36,0x33,0x32,0x38,0x31,0x32,0x20,0x37,0x32,0x35,0x2e,
  0x33,0x35,0x31,0x35,0x36,0x32,0x20,0x33,0x38,0x39,0x2e,0x32,0x32,0x32,0x36,0x35,
  0x36,0x20,0x43,0x20,0x37,0x32,0x34,0x2e,0x33,0x32,0x38,0x31,0x32,0x35,0x20,0x33,
  0x38,0x35,0x2e,0x38,0x31,0x32,0x35,0x20,0x37,0x32,0x32,0x2e,0x30,0x35,0x34,0x36,
  0x38,0x38,0x20,0x33,0x38,0x34,0x2e,0x31,0x30,0x39,0x33,0x37,0x35,0x20,0x37,0x31,
  0x38,0x2e,0x35,0x33,0x35,0x31,0x35,0x36,0x20,0x33,0x38,0x34,0x2e,0x31,0x30,0x39,
  0x33,0x37,0x35,0x20,0x43,0x20,0x37,0x31,0x35,0x2e,0x30,0x31,0x31,0x37,0x31,0x39,
  0x20,0x33,0x38,0x34,0x2e,0x31,0x30,0x39,0x33,0x37,0x35,0x20,0x37,0x31,0x32,0x2e,
  0x37,0x33,0x38,0x32,0x38,0x31,0x20,0x33,0x38,0x35,0x2e,0x38,0x31,0x32,0x35,0x20,
  0x37,0x31,0x31,0x2e,0x36,0x30,0x31,0x35,0x36,0x32,0x20,0x33,0x38,0x39,0x2e,0x32,
  0x32,0x32,0x36,0x35,0x36,0x20,0x43,0x20,0x37,0x31,0x30,0x2e,0x34,0x36,0x38,0x37,
  0x35,0x20,0x33,0x39,0x32,0x2e,0x36,0x33,0x32,0x38,0x31,0x32,0x20,0x37,0x30,0x39,
  0x2e,0x38,0x39,0x38,0x34,0x33,0x38,0x20,0x33,0x39,0x37,0x2e,0x39,0x37,0x32,0x36,
  0x35,0x36,0x20,0x37,0x30,0x39,0x2e,0x38,0x39,0x38,0x34,0x33,0x38,0x20,0x34,0x30,
  0x35,0x2e,0x31,0x32,0x38,0x39,0x30,0x36,0x20,0x43,0x20,0x37,0x30,0x39,0x2e,0x38,
  0x39,0x38,0x34,0x33,0x38,0x20,0x34,0x31,0x31,0x2e,0x39,0x34,0x35,0x33,0x31,0x32,
  0x20,0x37,0x31,0x30,0x2e,0x34,0x36,0x38,0x37,0x35,0x20,0x34,0x31,0x37,0x2e,0x31,
  0x37,0x31,0x38,0x37,0x35,0x20,0x37,0x31,0x31,0x2e,0x36,0x30,0x31,0x35,0x36,0x32,
  0x20,0x34,0x32,0x30,0x2e,0x38,0x30,0x38,0x35,0x39,0x34,0x20,0x43,0x20,0x37,0x31,
  0x32,0x2e,0x37,0x33,0x38,0x32,0x38,0x31,0x20,0x34,0x32,0x34,0x2e,0x34,0x34,0x31,
  0x34,0x30,0x36,0x20,0x37,0x31,0x35,0x2e,0x30,0x31,0x31,0x37,0x31,0x39,0x20,0x34,
  0x32,0x36,0x2e,0x32,0x36,0x31,0x37,0x31,0x39,0x20,0x37,0x31,0x38,0x2e,0x35,0x33,
  0x35,0x31,0x35,0x36,0x20,0x34,0x32,0x36,0x2e,0x32,0x36,0x31,0x37,0x31,0x39,0x20,
  0x43,0x20,0x37,0x32,0x32,0x2e,0x30,0x35,0x34,0x36,0x38,0x38,0x20,0x34,0x32,0x36,
  0x2e,0x32,0x36,0x31,0x37,0x31,0x39,0x20,0x37,0x32,0x34,0x2e,0x32,0x31,0x34,0x38,
  0x34,0x34,0x20,0x34,0x32,0x34,0x2e,0x34,0x34,0x31,0x34,0x30,0x36,0x20,0x37,0x32,
  0x35,0x2e,0x33,0x35,0x31,0x35,0x36,0x32,0x20,0x34,0x32,0x30,0x2e,0x38,0x30,0x38,
  0x35,0x39,0x34,0x20,0x5a,0x20,0x4d,0x20,0x37,0x32,0x35,0x2e,0x33,0x35,0x31,0x35,
  0x36,0x32,0x20,0x34,0x32,0x30,0x2e,0x38,0x30,0x38,0x35,0x39,0x34,0x20,0x22,0x2f,
  0x3e,0x3c,0x70,0x61,0x74,0x68,0x20,0x73,0x74,0x79,0x6c,0x65,0x3d,0x22,0x20,0x73,
  0x74,0x72,0x6f,0x6b,0x65,0x3a,0x6e,0x6f,0x6e,0x65,0x3b,0x66,0x69,0x6c,0x6c,0x2d,
  0x72,0x75,0x6c,0x65,0x3a,0x6e,0x6f,0x6e,0x7a,0x65,0x72,0x6f,0x3b,0x66,0x69,0x6c,
  0x6c,0x3a,0x23,0x30,0x30,0x30,0x30,0x30,0x30,0x3b,0x66,0x69,0x6c,0x6c,0x2d,0x6f,
  0x70,0x61,0x63,0x69,0x74,0x79,0x3a,0x31,0x3b,0x22,0x20,0x64,0x3d,0x22,0x4d,0x20,
  0x37,0x36,0x35,0x2e,0x31,0x31,0x37,0x31,0x38,0x38,0x20,0x34,0x33,0x35,0x2e,0x36,
  0x39,0x31,0x34,0x30,0x36,0x20,0x43,0x20,0x37,0x35,0x37,0x2e,0x35,0x30,0x33,0x39,
  0x30,0x36,0x20,0x34,0x33,0x35,0x2e,0x36,0x39,0x31,0x34,0x30,0x36,0x20,0x37,0x35,
  0x32,0x2e,0x32,0x37,0x37,0x33,0x34,0x34,0x20,0x34,0x33,0x33,0x2e,0x30,0x37,0x38,
  0x31,0x32,0x35,0x20,0x37,0x34,0x39,0x2e,0x32,0x31,0x30,0x39,0x33,0x38,0x20,0x34,
  0x32,0x37,0x2e,0x37,0x33,0x38,0x32,0x38,0x31,0x20,0x43,0x20,0x37,0x34,0x36,0x2e,
  0x31,0x34,0x30,0x36,0x32,0x35,0x20,0x34,0x32,0x32,0x2e,0x33,0x39,0x38,0x34,0x33,
  0x38,0x20,0x37,0x34,0x34,0x2e,0x36,0x36,0x34,0x30,0x36,0x32,0x20,0x34,0x31,0x34,
  0x2e,0x38,0x39,0x38,0x34,0x33,0x38,0x20,0x37,0x34,0x34,0x2e,0x36,0x36,0x34,0x30,
  0x36,0x32,0x20,0x34,0x30,0x35,0x2e,0x31,0x32,0x38,0x39,0x30,0x36,0x20,0x43,0x20,
  0x37,0x34,0x34,0x2e,0x36,0x36,0x34,0x30,0x36,0x32,0x20,0x33,0x39,0x35,0x2e,0x33,
  0x35,0x39,0x33,0x37,0x35,0x20,0x37,0x34,0x36,0x2e,0x31,0x34,0x30,0x36,0x32,0x35,
  0x20,0x33,0x38,0x37,0x2e,0x37,0x34,0x36,0x30,0x39,0x34,0x20,0x37,0x34,0x39,0x2e,
  0x32,0x31,0x30,0x39,0x33,0x38,0x20,0x33,0x38,0x32,0x2e,0x34,0x30,0x36,0x32,0x35,
  0x20,0x43,0x20,0x37,0x35,0x32,0x2e,0x32,0x37,0x37,0x33,0x34,0x34,0x20,0x33,0x37,
  0x37,0x2e,0x30,0x36,0x36,0x34,0x30,0x36,0x20,0x37,0x35,0x37,0x2e,0x35,0x30,0x33,
  0x39,0x30,0x36,0x20,0x33,0x37,0x34,0x2e,0x34,0x35,0x33,0x31,0x32,0x35,0x20,0x37,
  0x36,0x35,0x2e,0x31,0x31,0x37,0x31,0x38,0x38,0x20,0x33,0x37,0x34,0x2e,0x34,0x35,
  0x33,0x31,0x32,0x35,0x20,0x43,0x20,0x37,0x37,0x32,0x2e,0x37,0x32,0x36,0x35,0x36,
  0x32,0x20,0x33,0x37,0x34,0x2e,0x34,0x35,0x33,0x31,0x32,0x35,0x20,0x37,0x37,0x37,
  0x2e,0x39,0x35,0x33,0x31,0x32,0x35,0x20,0x33,0x37,0x37,0x2e,0x30,0x36,0x36,0x34,
  0x30,0x36,0x20,0x37,0x38,0x31,0x2e,0x30,0x32,0x33,0x34,0x33,0x38,0x20,0x33,0x38,
  0x32,0x2e,0x34,0x30,0x36,0x32,0x35,0x20,0x43,0x20,0x37,0x38,0x34,0x2e,0x30,0x38,
  0x39,0x38,0x34,0x34,0x20,0x33,0x38,0x37,0x2e,0x37,0x34,0x36,0x30,0x39,0x34,0x20,
  0x37,0x38,0x35,0x2e,0x35,0x36,0x36,0x34,0x30,0x36,0x20,0x33,0x39,0x35,0x2e,0x32,
  0x34,0x32,0x31,0x38,0x38,0x20,0x37,0x38,0x35,0x2e,0x35,0x36,0x36,0x34,0x30,0x36,
  0x20,0x34,0x30,0x35,0x2e,0x31,0x32,0x38,0x39,0x30,0x36,0x20,0x43,0x20,0x37,0x38,
  0x35,0x2e,0x35,0x36,0x36,0x34,0x30,0x36,0x20,0x34,0x31,0x34,0x2e,0x38,0x39,0x38,
  0x34,0x33,0x38,0x20,0x37,0x38,0x34,0x2e,0x30,0x38,0x39,0x38,0x34,0x34,0x20,0x34,
  0x32,0x32,0x2e,0x35,0x31,0x31,0x37,0x31,0x39,0x20,0x37,0x38,0x31,0x2e,0x30,0x32,
  0x33,0x34,0x33,0x38,0x20,0x34,0x32,0x37,0x2e,0x37,0x33,0x38,0x32,0x38,0x31,0x20,
  0x43,0x20,0x37,0x37,0x37,0x2e,0x39,0x35,0x33,0x31,0x32,0x35,0x20,0x34,0x33,0x33,
  0x2e,0x30,0x37,0x38,0x31,0x32,0x35,0x20,0x37,0x37,0x32,0x2e,0x36,0x31,0x33,0x32,
  0x38,0x31,0x20,0x34,0x33,0x35,0x2e,0x36,0x39,0x31,0x34,0x30,0x36,0x20,0x37,0x36,
  0x35,0x2e,0x31,0x31,0x37,0x31,0x38,0x38,0x20,0x34,0x33,0x35,0x2e,0x36,0x39,0x31,
  0x34,0x30,0x36,0x20,0x5a,0x20,0x4d,0x20,0x37,0x37,0x31,0x2e,0x39,0x33,0x33,0x35,
  0x39,0x34,0x20,0x34,0x32,0x30,0x2e,0x38,0x30,0x38,0x35,0x39,0x34,0x20,0x43,0x20,
  0x37,0x37,0x32,0x2e,0x39,0x35,0x37,0x30,0x33,0x31,0x20,0x34,0x31,0x37,0x2e,0x31,
  0x37,0x31,0x38,0x37,0x35,0x20,0x37,0x37,0x33,0x2e,0x35,0x32,0x33,0x34,0x33,0x38,
  0x20,0x34,0x31,0x31,0x2e,0x39,0x34,0x35,0x33,0x31,0x32,0x20,0x37,0x37,0x33,0x2e,
  0x35,0x32,0x33,0x34,0x33,0x38,0x20,0x34,0x30,0x35,0x2e,0x31,0x32,0x38,0x39,0x30,
  0x36,0x20,0x43,0x20,0x37,0x37,0x33,0x2e,0x35,0x32,0x33,0x34,0x33,0x38,0x20,0x33,
  0x39,0x37,0x2e,0x39,0x37,0x32,0x36,0x35,0x36,0x20,0x37,0x37,0x32,0x2e,0x39,0x35,
  0x37,0x30,0x33,0x31,0x20,0x33,0x39,0x32,0x2e,0x36,0x33,0x32,0x38,0x31,0x32,0x20,
  0x37,0x37,0x31,0x2e,0x39,0x33,0x33,0x35,0x39,0x34,0x20,0x33,0x38,0x39,0x2e,0x32,
  0x32,0x32,0x36,0x35,0x36,0x20,0x43,0x20,0x37,0x37,0x30,0x2e,0x39,0x31,0x30,0x31,
  0x35,0x36,0x20,0x33,0x38,0x35,0x2e,0x38,0x31,0x32,0x35,0x20,0x37,0x36,0x38,0x2e,
  0x36,0x33,0x36,0x37,0x31,0x39,0x20,0x33,0x38,0x34,0x2e,0x31,0x30,0x39,0x33,0x37,
  0x35,0x20,0x37,0x36,0x35,0x2e,0x31,0x31,0x37,0x31,0x38,0x38,0x20,0x33,0x38,0x34,
  0x2e,0x31,0x30,0x39,0x33,0x37,0x35,0x20,0x43,0x20,0x37,0x36,0x31,0x2e,0x35,0x39,
  0x33,0x37,0x35,0x20,0x33,0x38,0x34,0x2e,0x31,0x30,0x39,0x33,0x37,0x35,0x20,0x37,
  0x35,0x39,0x2e,0x33,0x32,0x30,0x33,0x31,0x32,0x20,0x33,0x38,0x35,0x2e,0x38,0x31,
  0x32,0x35,0x20,0x37,0x35,0x38,0x2e,0x31,0x38,0x37,0x35,0x20,0x33,0x38,0x39,0x2e,
  0x32,0x32,0x32,0x36,0x35,0x36,0x20,0x43,0x20,0x37,0x35,0x37,0x2e,0x30,0x35,0x30,
  0x37,0x38,0x31,0x20,0x33,0x39,0x32,0x2e,0x36,0x33,0x32,0x38,0x31,0x32,0x20,0x37,
  0x35,0x36,0x2e,0x34,0x38,0x30,0x34,0x36,0x39,0x20,0x33,0x39,0x37,0x2e,0x39,0x37,
  0x32,0x36,0x35,0x36,0x20,0x37,0x35,0x36,0x2e,0x34,0x38,0x30,0x34,0x36,0x39,0x20,
  0x34,0x30,0x35,0x2e,0x31,0x32,0x38,0x39,0x30,0x36,0x20,0x43,0x20,0x37,0x35,0x36,
  0x2e,0x34,0x38,0x30,0x34,0x36,0x39,0x20,0x34,0x31,0x31,0x2e,0x39,0x34,0x35,0x33,
  0x31,0x32,0x20,0x37,0x35,0x37,0x2e,0x30,0x35,0x30,0x37,0x38,0x31,0x20,0x34,0x31,
  0x37,0x2e,0x31,0x37,0x31,0x38,0x37,0x35,0x20,0x37,0x35,0x38,0x2e,0x31,0x38,0x37,
  0x35,0x20,0x34,0x32,0x30,0x2e,0x38,0x30,0x38,0x35,0x39,0x34,0x20,0x43,0x20,0x37,
  0x35,0x39,0x2e,0x33,0x32,0x30,0x33,0x31,0x32,0x20,0x34,0x32,0x34,0x2e,0x34,0x34,
  0x31,0x34,0x30,0x36,0x20,0x37,0x36,0x31,0x2e,0x35,0x39,0x33,0x37,0x35,0x20,0x34,
  0x32,0x36,0x2e,0x32,0x36,0x31,0x37,0x31,0x39,0x20,0x37,0x36,0x35,0x2e,0x31,0x31,
  0x37,0x31,0x38,0x38,0x20,0x34,0x32,0x36,0x2e,0x32,0x36,0x31,0x37,0x31,0x39,0x20,
  0x43,0x20,0x37,0x36,0x38,0x2e,0x36,0x33,0x36,0x37,0x31,0x39,0x20,0x34,0x32,0x36,
  0x2e,0x32,0x36,0x31,0x37,0x31,0x39,0x20,0x37,0x37,0x30,0x2e,0x37,0x39,0x36,0x38,
  0x37,0x35,0x20,0x34,0x32,0x34,0x2e,0x34,0x34,0x31,0x34,0x30,0x36,0x20,0x37,0x37,
  0x31,0x2e,0x39,0x33,0x33,0x35,0x39,0x34,0x20,0x34,0x32,0x30,0x2e,0x38,0x30,0x38,
  0x35,0x39,0x34,0x20,0x5a,0x20,0x4d,0x20,0x37,0x37,0x31,0x2e,0x39,0x33,0x33,0x35,
  0x39,0x34,0x20,0x34,0x32,0x30,0x2e,0x38,0x30,0x38,0x35,0x39,0x34,0x20,0x22,0x2f,
  0x3e,0x3c,0x2f,0x67,0x3e,0x3c,0x2f,0x73,0x76,0x67,0x3e,
    // 120.svg
  0x0,0x0,0x10,0x92,
  0x3c,
  0x73,0x76,0x67,0x20,0x78,0x6d,0x6c,0x6e,0x73,0x3d,0x22,0x68,0x74,0x74,0x70,0x3a,
  0x2f,0x2f,0x77,0x77,0x77,0x2e,0x77,0x33,0x2e,0x6f,0x72,0x67,0x2f,0x32,0x30,0x30,
  0x30,0x2f,0x73,0x76,0x67,0x22,0x20,0x78,0x6d,0x6c,0x6e,0x73,0x3a,0x78,0x6c,0x69,
  0x6e,0x6b,0x3d,0x22,0x68,0x74,0x74,0x70,0x3a,0x2f,0x2f,0x77,0x77,0x77,0x2e,0x77,
  0x33,0x2e,0x6f,0x72,0x67,0x2f,0x31,0x39,0x39,0x39,0x2f,0x78,0x6c,0x69,0x6e,0x6b,
  0x22,0x20,0x77,0x69,0x64,0x74,0x68,0x3d,0x22,0x31,0x39,0x32,0x30,0x22,0x20,0x7a,
  0x6f,0x6f,0x6d,0x41,0x6e,0x64,0x50,0x61,0x6e,0x3d,0x22,0x6d,0x61,0x67,0x6e,0x69,
  0x66,0x79,0x22,0x20,0x76,0x69,0x65,0x77,0x42,0x6f,0x78,0x3d,0x22,0x30,0x20,0x30,
  0x20,0x31,0x34,0x34,0x30,0x20,0x38,0x30,0x39,0x2e,0x39,0x39,0x39,0x39,0x39,0x33,
  0x22,0x20,0x68,0x65,0x69,0x67,0x68,0x74,0x3d,0x22,0x31,0x30,0x38,0x30,0x22,0x20,
  0x70,0x72,0x65,0x73,0x65,0x72,0x76,0x65,0x41,0x73,0x70,0x65,0x63,0x74,0x52,0x61,
  0x74,0x69,0x6f,0x3d,0x22,0x78,0x4d,0x69,0x64,0x59,0x4d,0x69,0x64,0x20,0x6d,0x65,
  0x65,0x74,0x22,0x20,0x76,0x65,0x72,0x73,0x69,0x6f,0x6e,0x3d,0x22,0x31,0x2e,0x32,
  0x22,0x3e,0x3c,0x64,0x65,0x66,0x73,0x3e,0x3c,0x63,0x6c,0x69,0x70,0x50,0x61,0x74,
  0x68,0x20,0x69,0x64,0x3d,0x22,0x65,0x66,0x34,0x36,0x31,0x65,0x65,0x64,0x36,0x30,
  0x22,0x3e,0x3c,0x70,0x61,0x74,0x68,0x20,0x64,0x3d,0x22,0x4d,0x20,0x36,0x30,0x39,
  0x2e,0x31,0x32,0x35,0x20,0x32,0x39,0x34,0x2e,0x31,0x32,0x35,0x20,0x4c,0x20,0x38,
  0x33,0x31,0x20,0x32,0x39,0x34,0x2e,0x31,0x32,0x35,0x20,0x4c,0x20,0x38,0x33,0x31,
  0x20,0x35,0x31,0x36,0x20,0x4c,0x20,0x36,0x30,0x39,0x2e,0x31,0x32,0x35,0x20,0x35,
  0x31,0x36,0x20,0x5a,0x20,0x4d,0x20,0x36,0x30,0x39,0x2e,0x31,0x32,0x35,0x20,0x32,
  0x39,0x34,0x2e,0x31,0x32,0x35,0x20,0x22,0x2f,0x3e,0x3c,0x2f,0x63,0x6c,0x69,0x70,
  0x50,0x61,0x74,0x68,0x3e,0x3c,0x2f,0x64,0x65,0x66,0x73,0x3e,0x3c,0x67,0x20,0x69,
  0x64,0x3d,0x22,0x66,0x32,0x61,0x61,0x35,0x36,0x39,0x65,0x65,0x30,0x22,0x3e,0x3c,
  0x67,0x20,0x63,0x6c,0x69,0x70,0x2d,0x72,0x75,0x6c,0x65,0x3d,0x22,0x6e,0x6f,0x6e,
  0x7a,0x65,0x72,0x6f,0x22,0x20,0x63,0x6c,0x69,0x70,0x2d,0x70,0x61,0x74,0x68,0x3d,
  0x22,0x75,0x72,0x6c,0x28,0x23,0x65,0x66,0x34,0x36,0x31,0x65,0x65,0x64,0x36,0x30,
  0x29,0x22,0x3e,0x3c,0x70,0x61,0x74,0x68,0x20,0x73,0x74,0x79,0x6c,0x65,0x3d,0x22,
  0x20,0x73,0x74,0x72,0x6f,0x6b,0x65,0x3a,0x6e,0x6f,0x6e,0x65,0x3b,0x66,0x69,0x6c,
  0x6c,0x2d,0x72,0x75,0x6c,0x65,0x3a,0x6e,0x6f,0x6e,0x7a,0x65,0x72,0x6f,0x3b,0x66,
  0x69,0x6c,0x6c,0x3a,0x23,0x66,0x38,0x32,0x62,0x32,0x64,0x3b,0x66,0x69,0x6c,0x6c,
  0x2d,0x6f,0x70,0x61,0x63,0x69,0x74,0x79,0x3a,0x31,0x3b,0x22,0x20,0x64,0x3d,0x22,
  0x4d,0x20,0x36,0x30,0x39,0x2e,0x31,0x32,0x31,0x30,0x39,0x34,0x20,0x34,0x30,0x35,
  0x20,0x43,0x20,0x36,0x30,0x39,0x2e,0x31,0x32,0x31,0x30,0x39,0x34,0x20,0x33,0x34,
  0x33,0x2e,0x39,0x34,0x35,0x33,0x31,0x32,0x20,0x36,0x35,0x38,0x2e,0x38,0x32,0x38,
  0x31,0x32,0x35,0x20,0x32,0x39,0x34,0x2e,0x31,0x32,0x35,0x20,0x37,0x31,0x39,0x2e,
  0x39,0x39,0x36,0x30,0x39,0x34,0x20,0x32,0x39,0x34,0x2e,0x31,0x32,0x35,0x20,0x43,
  0x20,0x37,0x38,0x31,0x2e,0x30,0x35,0x30,0x37,0x38,0x31,0x20,0x32,0x39,0x34,0x2e,
  0x31,0x32,0x35,0x20,0x38,0x33,0x30,0x2e,0x38,0x36,0x37,0x31,0x38,0x38,0x20,0x33,
  0x34,0x33,0x2e,0x38,0x33,0x32,0x30,0x33,0x31,0x20,0x38,0x33,0x30,0x2e,0x38,0x36,
  0x37,0x31,0x38,0x38,0x20,0x34,0x30,0x35,0x20,0x43,0x20,0x38,0x33,0x30,0x2e,0x38,
  0x36,0x37,0x31,0x38,0x38,0x20,0x34,0x36,0x36,0x2e,0x31,0x36,0x37,0x39,0x36,0x39,
  0x20,0x37,0x38,0x31,0x2e,0x31,0x36,0x34,0x30,0x36,0x32,0x20,0x35,0x31,0x35,0x2e,
  0x38,0x37,0x35,0x20,0x37,0x31,0x39,0x2e,0x39,0x39,0x36,0x30,0x39,0x34,0x20,0x35,
  0x31,0x35,0x2e,0x38,0x37,0x35,0x20,0x43,0x20,0x36,0x35,0x38,0x2e,0x38,0x32,0x38,
  0x31,0x32,0x35,0x20,0x35,0x31,0x35,0x2e,0x37,0x35,0x37,0x38,0x31,0x32,0x20,0x36,
  0x30,0x39,0x2e,0x31,0x32,0x31,0x30,0x39,0x34,0x20,0x34,0x36,0x36,0x2e,0x30,0x35,
  0x34,0x36,0x38,0x38,0x20,0x36,0x30,0x39,0x2e,0x31,0x32,0x31,0x30,0x39,0x34,0x20,
  0x34,0x30,0x35,0x20,0x5a,0x20,0x4d,0x20,0x36,0x30,0x39,0x2e,0x31,0x32,0x31,0x30,
  0x39,0x34,0x20,0x34,0x30,0x35,0x20,0x22,0x2f,0x3e,0x3c,0x2f,0x67,0x3e,0x3c,0x70,
  0x61,0x74,0x68,0x20,0x73,0x74,0x79,0x6c,0x65,0x3d,0x22,0x20,0x73,0x74,0x72,0x6f,
  0x6b,0x65,0x3a,0x6e,0x6f,0x6e,0x65,0x3b,0x66,0x69,0x6c,0x6c,0x2d,0x72,0x75,0x6c,
  0x65,0x3a,0x65,0x76,0x65,0x6e,0x6f,0x64,0x64,0x3b,0x66,0x69,0x6c,0x6c,0x3a,0x23,
  0x66,0x66,0x66,0x66,0x66,0x66,0x3b,0x66,0x69,0x6c,0x6c,0x2d,0x6f,0x70,0x61,0x63,
  0x69,0x74,0x79,0x3a,0x31,0x3b,0x22,0x20,0x64,0x3d,0x22,0x4d,0x20,0x37,0x31,0x39,
  0x2e,0x39,0x39,0x36,0x30,0x39,0x34,0x20,0x34,0x39,0x31,0x2e,0x38,0x31,0x36,0x34,
  0x30,0x36,0x20,0x43,0x20,0x36,0x37,0x32,0x2e,0x31,0x30,0x35,0x34,0x36,0x39,0x20,
  0x34,0x39,0x31,0x2e,0x38,0x31,0x36,0x34,0x30,0x36,0x20,0x36,0x33,0x33,0x2e,0x30,
  0x36,0x36,0x34,0x30,0x36,0x20,0x34,0x35,0x32,0x2e,0x37,0x37,0x37,0x33,0x34,0x34,
  0x20,0x36,0x33,0x33,0x2e,0x30,0x36,0x36,0x34,0x30,0x36,0x20,0x34,0x30,0x34,0x2e,
  0x38,0x38,0x36,0x37,0x31,0x39,0x20,0x43,0x20,0x36,0x33,0x33,0x2e,0x30,0x36,0x36,
  0x34,0x30,0x36,0x20,0x33,0x35,0x36,0x2e,0x39,0x39,0x36,0x30,0x39,0x34,0x20,0x36,
  0x37,0x32,0x2e,0x31,0x30,0x35,0x34,0x36,0x39,0x20,0x33,0x31,0x37,0x2e,0x39,0x35,
  0x37,0x30,0x33,0x31,0x20,0x37,0x31,0x39,0x2e,0x39,0x39,0x36,0x30,0x39,0x34,0x20,
  0x33,0x31,0x37,0x2e,0x39,0x35,0x37,0x30,0x33,0x31,0x20,0x43,0x20,0x37,0x36,0x37,
  0x2e,0x38,0x38,0x32,0x38,0x31,0x32,0x20,0x33,0x31,0x37,0x2e,0x39,0x35,0x37,0x30,
  0x33,0x31,0x20,0x38,0x30,0x36,0x2e,0x39,0x32,0x31,0x38,0x37,0x35,0x20,0x33,0x35,
  0x36,0x2e,0x39,0x39,0x36,0x30,0x39,0x34,0x20,0x38,0x30,0x36,0x2e,0x39,0x32,0x31,
  0x38,0x37,0x35,0x20,0x34,0x30,0x34,0x2e,0x38,0x38,0x36,0x37,0x31,0x39,0x20,0x43,
  0x20,0x38,0x30,0x36,0x2e,0x38,0x30,0x38,0x35,0x39,0x34,0x20,0x34,0x35,0x32,0x2e,
  0x38,0x39,0x30,0x36,0x32,0x35,0x20,0x37,0x36,0x37,0x2e,0x38,0x38,0x32,0x38,0x31,
  0x32,0x20,0x34,0x39,0x31,0x2e,0x38,0x31,0x36,0x34,0x30,0x36,0x20,0x37,0x31,0x39,
  0x2e,0x39,0x39,0x36,0x30,0x39,0x34,0x20,0x34,0x39,0x31,0x2e,0x38,0x31,0x36,0x34,
  0x30,0x36,0x20,0x5a,0x20,0x4d,0x20,0x37,0x31,0x39,0x2e,0x39,0x39,0x36,0x30,0x39,
  0x34,0x20,0x34,0x39,0x31,0x2e,0x38,0x31,0x36,0x34,0x30,0x36,0x20,0x22,0x2f,0x3e,
  0x3c,0x70,0x61,0x74,0x68,0x20,0x73,0x74,0x79,0x6c,0x65,0x3d,0x22,0x20,0x73,0x74,
  0x72,0x6f,0x6b,0x65,0x3a,0x6e,0x6f,0x6e,0x65,0x3b,0x66,0x69,0x6c,0x6c,0x2d,0x72,
  0x75,0x6c,0x65,0x3a,0x6e,0x6f,0x6e,0x7a,0x65,0x72,0x6f,0x3b,0x66,0x69,0x6c,0x6c,
  0x3a,0x23,0x30,0x30,0x30,0x30,0x30,0x30,0x3b,0x66,0x69,0x6c,0x6c,0x2d,0x6f,0x70,
  0x61,0x63,0x69,0x74,0x79,0x3a,0x31,0x3b,0x22,0x20,0x64,0x3d,0x22,0x4d,0x20,0x36,
  0x38,0x30,0x2e,0x33,0x39,0x30,0x36,0x32,0x35,0x20,0x34,0x33,0x34,0x2e,0x30,0x35,
  0x30,0x37,0x38,0x31,0x20,0x4c,0x20,0x36,0x36,0x38,0x2e,0x34,0x37,0x32,0x36,0x35,
  0x36,0x20,0x34,0x33,0x34,0x2e,0x30,0x35,0x30,0x37,0x38,0x31,0x20,0x4c,0x20,0x36,
  0x36,0x38,0x2e,0x34,0x37,0x32,0x36,0x35,0x36,0x20,0x33,0x39,0x33,0x2e,0x31,0x39,
  0x39,0x32,0x31,0x39,0x20,0x4c,0x20,0x36,0x35,0x34,0x2e,0x35,0x31,0x35,0x36,0x32,
  0x35,0x20,0x33,0x39,0x33,0x2e,0x31,0x39,0x39,0x32,0x31,0x39,0x20,0x4c,0x20,0x36,
  0x35,0x34,0x2e,0x35,0x31,0x35,0x36,0x32,0x35,0x20,0x33,0x38,0x35,0x2e,0x32,0x35,
  0x33,0x39,0x30,0x36,0x20,0x43,0x20,0x36,0x35,0x38,0x2e,0x31,0x34,0x38,0x34,0x33,
  0x38,0x20,0x33,0x38,0x35,0x2e,0x31,0x34,0x30,0x36,0x32,0x35,0x20,0x36,0x36,0x30,
  0x2e,0x37,0x35,0x37,0x38,0x31,0x32,0x20,0x33,0x38,0x34,0x2e,0x38,0x30,0x30,0x37,
  0x38,0x31,0x20,0x36,0x36,0x32,0x2e,0x32,0x33,0x30,0x34,0x36,0x39,0x20,0x33,0x38,
  0x34,0x2e,0x35,0x37,0x34,0x32,0x31,0x39,0x20,0x43,0x20,0x36,0x36,0x34,0x2e,0x36,
  0x31,0x37,0x31,0x38,0x38,0x20,0x33,0x38,0x34,0x2e,0x30,0x30,0x33,0x39,0x30,0x36,
  0x20,0x36,0x36,0x36,0x2e,0x34,0x32,0x39,0x36,0x38,0x38,0x20,0x33,0x38,0x32,0x2e,
  0x39,0x38,0x34,0x33,0x37,0x35,0x20,0x36,0x36,0x37,0x2e,0x39,0x30,0x36,0x32,0x35,
  0x20,0x33,0x38,0x31,0x2e,0x35,0x30,0x37,0x38,0x31,0x32,0x20,0x43,0x20,0x36,0x36,
  0x38,0x2e,0x39,0x32,0x39,0x36,0x38,0x38,0x20,0x33,0x38,0x30,0x2e,0x34,0x38,0x38,
  0x32,0x38,0x31,0x20,0x36,0x36,0x39,0x2e,0x37,0x32,0x32,0x36,0x35,0x36,0x20,0x33,
  0x37,0x39,0x2e,0x30,0x31,0x31,0x37,0x31,0x39,0x20,0x36,0x37,0x30,0x2e,0x31,0x37,
  0x35,0x37,0x38,0x31,0x20,0x33,0x37,0x37,0x2e,0x33,0x30,0x38,0x35,0x39,0x34,0x20,
  0x43,0x20,0x36,0x37,0x30,0x2e,0x35,0x31,0x35,0x36,0x32,0x35,0x20,0x33,0x37,0x36,
  0x2e,0x32,0x38,0x39,0x30,0x36,0x32,0x20,0x36,0x37,0x30,0x2e,0x36,0x32,0x38,0x39,
  0x30,0x36,0x20,0x33,0x37,0x35,0x2e,0x34,0x39,0x36,0x30,0x39,0x34,0x20,0x36,0x37,
  0x30,0x2e,0x36,0x32,0x38,0x39,0x30,0x36,0x20,0x33,0x37,0x34,0x2e,0x39,0x32,0x35,
  0x37,0x38,0x31,0x20,0x4c,0x20,0x36,0x38,0x30,0x2e,0x32,0x37,0x37,0x33,0x34,0x34,
  0x20,0x33,0x37,0x34,0x2e,0x39,0x32,0x35,0x37,0x38,0x31,0x20,0x4c,0x20,0x36,0x38,
  0x30,0x2e,0x32,0x37,0x37,0x33,0x34,0x34,0x20,0x34,0x33,0x34,0x2e,0x30,0x35,0x30,
  0x37,0x38,0x31,0x20,0x5a,0x20,0x4d,0x20,0x36,0x38,0x30,0x2e,0x33,0x39,0x30,0x36,
  0x32,0x35,0x20,0x34,0x33,0x34,0x2e,0x30,0x35,0x30,0x37,0x38,0x31,0x20,0x22,0x2f,
  0x3e,0x3c,0x70,0x61,0x74,0x68,0x20,0x73,0x74,0x79,0x6c,0x65,0x3d,0x22,0x20,0x73,
  0x74,0x72,0x6f,0x6b,0x65,0x3a,0x6e,0x6f,0x6e,0x65,0x3b,0x66,0x69,0x6c,0x6c,0x2d,
  0x72,0x75,0x6c,0x65,0x3a,0x6e,0x6f,0x6e,0x7a,0x65,0x72,0x6f,0x3b,0x66,0x69,0x6c,
  0x6c,0x3a,0x23,0x30,0x30,0x30,0x30,0x30,0x30,0x3b,0x66,0x69,0x6c,0x6c,0x2d,0x6f,
  0x70,0x61,0x63,0x69,0x74,0x79,0x3a,0x31,0x3b,0x22,0x20,0x64,0x3d,0x22,0x4d,0x20,
  0x37,0x32,0x34,0x2e,0x34,0x32,0x31,0x38,0x37,0x35,0x20,0x33,0x38,0x36,0x2e,0x38,
  0x34,0x33,0x37,0x35,0x20,0x43,0x20,0x37,0x32,0x33,0x2e,0x30,0x35,0x38,0x35,0x39,
  0x34,0x20,0x33,0x38,0x35,0x2e,0x31,0x34,0x30,0x36,0x32,0x35,0x20,0x37,0x32,0x31,
  0x2e,0x30,0x31,0x35,0x36,0x32,0x35,0x20,0x33,0x38,0x34,0x2e,0x33,0x34,0x37,0x36,
  0x35,0x36,0x20,0x37,0x31,0x38,0x2e,0x34,0x30,0x36,0x32,0x35,0x20,0x33,0x38,0x34,
  0x2e,0x33,0x34,0x37,0x36,0x35,0x36,0x20,0x43,0x20,0x37,0x31,0x34,0x2e,0x38,0x39,
  0x30,0x36,0x32,0x35,0x20,0x33,0x38,0x34,0x2e,0x33,0x34,0x37,0x36,0x35,0x36,0x20,
  0x37,0x31,0x32,0x2e,0x35,0x30,0x33,0x39,0x30,0x36,0x20,0x33,0x38,0x35,0x2e,0x37,
  0x30,0x37,0x30,0x33,0x31,0x20,0x37,0x31,0x31,0x2e,0x31,0x34,0x34,0x35,0x33,0x31,
  0x20,0x33,0x38,0x38,0x2e,0x33,0x31,0x36,0x34,0x30,0x36,0x20,0x43,0x20,0x37,0x31,
  0x30,0x2e,0x34,0x36,0x34,0x38,0x34,0x34,0x20,0x33,0x38,0x39,0x2e,0x37,0x39,0x32,
  0x39,0x36,0x39,0x20,0x37,0x31,0x30,0x2e,0x30,0x30,0x37,0x38,0x31,0x32,0x20,0x33,
  0x39,0x32,0x2e,0x32,0x38,0x39,0x30,0x36,0x32,0x20,0x37,0x30,0x39,0x2e,0x37,0x38,
  0x31,0x32,0x35,0x20,0x33,0x39,0x35,0x2e,0x35,0x38,0x32,0x30,0x33,0x31,0x20,0x4c,
  0x20,0x36,0x39,0x38,0x2e,0x34,0x33,0x33,0x35,0x39,0x34,0x20,0x33,0x39,0x35,0x2e,
  0x35,0x38,0x32,0x30,0x33,0x31,0x20,0x43,0x20,0x36,0x39,0x38,0x2e,0x36,0x36,0x30,
  0x31,0x35,0x36,0x20,0x33,0x39,0x30,0x2e,0x35,0x38,0x35,0x39,0x33,0x38,0x20,0x36,
  0x39,0x39,0x2e,0x35,0x37,0x30,0x33,0x31,0x32,0x20,0x33,0x38,0x36,0x2e,0x35,0x30,
  0x33,0x39,0x30,0x36,0x20,0x37,0x30,0x31,0x2e,0x31,0x35,0x36,0x32,0x35,0x20,0x33,
  0x38,0x33,0x2e,0x33,0x32,0x34,0x32,0x31,0x39,0x20,0x43,0x20,0x37,0x30,0x34,0x2e,
  0x32,0x32,0x32,0x36,0x35,0x36,0x20,0x33,0x37,0x37,0x2e,0x34,0x32,0x31,0x38,0x37,
  0x35,0x20,0x37,0x30,0x39,0x2e,0x37,0x38,0x31,0x32,0x35,0x20,0x33,0x37,0x34,0x2e,
  0x34,0x37,0x32,0x36,0x35,0x36,0x20,0x37,0x31,0x37,0x2e,0x37,0x32,0x36,0x35,0x36,
  0x32,0x20,0x33,0x37,0x34,0x2e,0x34,0x37,0x32,0x36,0x35,0x36,0x20,0x43,0x20,0x37,
  0x32,0x33,0x2e,0x39,0x36,0x38,0x37,0x35,0x20,0x33,0x37,0x34,0x2e,0x34,0x37,0x32,
  0x36,0x35,0x36,0x20,0x37,0x32,0x38,0x2e,0x39,0x36,0x30,0x39,0x33,0x38,0x20,0x33,
  0x37,0x36,0x2e,0x31,0x37,0x35,0x37,0x38,0x31,0x20,0x37,0x33,0x32,0x2e,0x37,0x30,
  0x37,0x30,0x33,0x31,0x20,0x33,0x37,0x39,0x2e,0x36,0x39,0x31,0x34,0x30,0x36,0x20,
  0x43,0x20,0x37,0x33,0x36,0x2e,0x34,0x34,0x39,0x32,0x31,0x39,0x20,0x33,0x38,0x33,
  0x2e,0x32,0x31,0x30,0x39,0x33,0x38,0x20,0x37,0x33,0x38,0x2e,0x32,0x36,0x35,0x36,
  0x32,0x35,0x20,0x33,0x38,0x37,0x2e,0x37,0x35,0x20,0x37,0x33,0x38,0x2e,0x32,0x36,
  0x35,0x36,0x32,0x35,0x20,0x33,0x39,0x33,0x2e,0x35,0x33,0x39,0x30,0x36,0x32,0x20,
  0x43,0x20,0x37,0x33,0x38,0x2e,0x32,0x36,0x35,0x36,0x32,0x35,0x20,0x33,0x39,0x37,
  0x2e,0x39,0x36,0x34,0x38,0x34,0x34,0x20,0x37,0x33,0x36,0x2e,0x39,0x30,0x36,0x32,
  0x35,0x20,0x34,0x30,0x31,0x2e,0x38,0x32,0x34,0x32,0x31,0x39,0x20,0x37,0x33,0x34,
  0x2e,0x32,0x39,0x32,0x39,0x36,0x39,0x20,0x34,0x30,0x35,0x2e,0x32,0x32,0x36,0x35,
  0x36,0x32,0x20,0x43,0x20,0x37,0x33,0x32,0x2e,0x35,0x39,0x33,0x37,0x35,0x20,0x34,
  0x30,0x37,0x2e,0x34,0x39,0x36,0x30,0x39,0x34,0x20,0x37,0x32,0x39,0x2e,0x37,0x35,
  0x33,0x39,0x30,0x36,0x20,0x34,0x30,0x39,0x2e,0x39,0x39,0x32,0x31,0x38,0x38,0x20,
  0x37,0x32,0x35,0x2e,0x37,0x38,0x35,0x31,0x35,0x36,0x20,0x34,0x31,0x32,0x2e,0x38,
  0x33,0x32,0x30,0x33,0x31,0x20,0x4c,0x20,0x37,0x32,0x31,0x2e,0x31,0x32,0x38,0x39,
  0x30,0x36,0x20,0x34,0x31,0x36,0x2e,0x31,0x32,0x31,0x30,0x39,0x34,0x20,0x43,0x20,
  0x37,0x31,0x38,0x2e,0x31,0x37,0x39,0x36,0x38,0x38,0x20,0x34,0x31,0x38,0x2e,0x31,
  0x36,0x34,0x30,0x36,0x32,0x20,0x37,0x31,0x36,0x2e,0x32,0x35,0x20,0x34,0x31,0x39,
  0x2e,0x36,0x34,0x30,0x36,0x32,0x35,0x20,0x37,0x31,0x35,0x2e,0x31,0x31,0x37,0x31,
  0x38,0x38,0x20,0x34,0x32,0x30,0x2e,0x36,0x36,0x30,0x31,0x35,0x36,0x20,0x43,0x20,
  0x37,0x31,0x34,0x2e,0x30,0x39,0x33,0x37,0x35,0x20,0x34,0x32,0x31,0x2e,0x35,0x37,
  0x30,0x33,0x31,0x32,0x20,0x37,0x31,0x33,0x2e,0x31,0x38,0x37,0x35,0x20,0x34,0x32,
  0x32,0x2e,0x37,0x30,0x33,0x31,0x32,0x35,0x20,0x37,0x31,0x32,0x2e,0x33,0x39,0x30,
  0x36,0x32,0x35,0x20,0x34,0x32,0x33,0x2e,0x38,0x33,0x39,0x38,0x34,0x34,0x20,0x4c,
  0x20,0x37,0x33,0x38,0x2e,0x32,0x36,0x35,0x36,0x32,0x35,0x20,0x34,0x32,0x33,0x2e,
  0x38,0x33,0x39,0x38,0x34,0x34,0x20,0x4c,0x20,0x37,0x33,0x38,0x2e,0x32,0x36,0x35,
  0x36,0x32,0x35,0x20,0x34,0x33,0x34,0x2e,0x30,0x35,0x30,0x37,0x38,0x31,0x20,0x4c,
  0x20,0x36,0x39,0x37,0x2e,0x36,0x34,0x30,0x36,0x32,0x35,0x20,0x34,0x33,0x34,0x2e,
  0x30,0x35,0x30,0x37,0x38,0x31,0x20,0x43,0x20,0x36,0x39,0x37,0x2e,0x37,0x35,0x33,
  0x39,0x30,0x36,0x20,0x34,0x32,0x39,0x2e,0x38,0x35,0x31,0x35,0x36,0x32,0x20,0x36,
  0x39,0x38,0x2e,0x36,0x36,0x30,0x31,0x35,0x36,0x20,0x34,0x32,0x35,0x2e,0x38,0x38,
  0x32,0x38,0x31,0x32,0x20,0x37,0x30,0x30,0x2e,0x33,0x36,0x33,0x32,0x38,0x31,0x20,
  0x34,0x32,0x32,0x2e,0x33,0x36,0x33,0x32,0x38,0x31,0x20,0x43,0x20,0x37,0x30,0x32,
  0x2e,0x30,0x36,0x36,0x34,0x30,0x36,0x20,0x34,0x31,0x38,0x2e,0x33,0x39,0x30,0x36,
  0x32,0x35,0x20,0x37,0x30,0x35,0x2e,0x39,0x32,0x31,0x38,0x37,0x35,0x20,0x34,0x31,
  0x34,0x2e,0x31,0x39,0x31,0x34,0x30,0x36,0x20,0x37,0x31,0x32,0x2e,0x31,0x36,0x34,
  0x30,0x36,0x32,0x20,0x34,0x30,0x39,0x2e,0x37,0x36,0x35,0x36,0x32,0x35,0x20,0x43,
  0x20,0x37,0x31,0x37,0x2e,0x35,0x20,0x34,0x30,0x35,0x2e,0x39,0x30,0x36,0x32,0x35,
  0x20,0x37,0x32,0x31,0x2e,0x30,0x31,0x35,0x36,0x32,0x35,0x20,0x34,0x30,0x33,0x2e,
  0x31,0x38,0x33,0x35,0x39,0x34,0x20,0x37,0x32,0x32,0x2e,0x36,0x30,0x35,0x34,0x36,
  0x39,0x20,0x34,0x30,0x31,0x2e,0x34,0x38,0x30,0x34,0x36,0x39,0x20,0x43,0x20,0x37,
  0x32,0x34,0x2e,0x39,0x38,0x38,0x32,0x38,0x31,0x20,0x33,0x39,0x38,0x2e,0x38,0x37,
  0x31,0x30,0x39,0x34,0x20,0x37,0x32,0x36,0x2e,0x32,0x33,0x38,0x32,0x38,0x31,0x20,
  0x33,0x39,0x36,0x2e,0x30,0x33,0x35,0x31,0x35,0x36,0x20,0x37,0x32,0x36,0x2e,0x32,
  0x33,0x38,0x32,0x38,0x31,0x20,0x33,0x39,0x32,0x2e,0x39,0x37,0x32,0x36,0x35,0x36,
  0x20,0x43,0x20,0x37,0x32,0x36,0x2e,0x34,0x36,0x34,0x38,0x34,0x34,0x20,0x33,0x39,
  0x30,0x2e,0x35,0x38,0x35,0x39,0x33,0x38,0x20,0x37,0x32,0x35,0x2e,0x37,0x38,0x35,
  0x31,0x35,0x36,0x20,0x33,0x38,0x38,0x2e,0x35,0x34,0x32,0x39,0x36,0x39,0x20,0x37,
  0x32,0x34,0x2e,0x34,0x32,0x31,0x38,0x37,0x35,0x20,0x33,0x38,0x36,0x2e,0x38,0x34,
  0x33,0x37,0x35,0x20,0x5a,0x20,0x4d,0x20,0x37,0x32,0x34,0x2e,0x34,0x32,0x31,0x38,
  0x37,0x35,0x20,0x33,0x38,0x36,0x2e,0x38,0x34,0x33,0x37,0x35,0x20,0x22,0x2f,0x3e,
  0x3c,0x70,0x61,0x74,0x68,0x20,0x73,0x74,0x79,0x6c,0x65,0x3d,0x22,0x20,0x73,0x74,
  0x72,0x6f,0x6b,0x65,0x3a,0x6e,0x6f,0x6e,0x65,0x3b,0x66,0x69,0x6c,0x6c,0x2d,0x72,
  0x75,0x6c,0x65,0x3a,0x6e,0x6f,0x6e,0x7a,0x65,0x72,0x6f,0x3b,0x66,0x69,0x6c,0x6c,
  0x3a,0x23,0x30,0x30,0x30,0x30,0x30,0x30,0x3b,0x66,0x69,0x6c,0x6c,0x2d,0x6f,0x70,
  0x61,0x63,0x69,0x74,0x79,0x3a,0x31,0x3b,0x22,0x20,0x64,0x3d,0x22,0x4d,0x20,0x37,
  0x36,0x34,0x2e,0x39,0x33,0x37,0x35,0x20,0x34,0x33,0x35,0x2e,0x35,0x32,0x37,0x33,
  0x34,0x34,0x20,0x43,0x20,0x37,0x35,0x37,0x2e,0x33,0x33,0x32,0x30,0x33,0x31,0x20,
  0x34,0x33,0x35,0x2e,0x35,0x32,0x37,0x33,0x34,0x34,0x20,0x37,0x35,0x32,0x2e,0x31,
  0x31,0x33,0x32,0x38,0x31,0x20,0x34,0x33,0x32,0x2e,0x39,0x31,0x37,0x39,0x36,0x39,
  0x20,0x37,0x34,0x39,0x2e,0x30,0x34,0x36,0x38,0x37,0x35,0x20,0x34,0x32,0x37,0x2e,
  0x35,0x38,0x32,0x30,0x33,0x31,0x20,0x43,0x20,0x37,0x34,0x35,0x2e,0x39,0x38,0x34,
  0x33,0x37,0x35,0x20,0x34,0x32,0x32,0x2e,0x32,0x35,0x20,0x37,0x34,0x34,0x2e,0x35,
  0x30,0x37,0x38,0x31,0x32,0x20,0x34,0x31,0x34,0x2e,0x37,0x35,0x37,0x38,0x31,0x32,
  0x20,0x37,0x34,0x34,0x2e,0x35,0x30,0x37,0x38,0x31,0x32,0x20,0x34,0x30,0x35,0x20,
  0x43,0x20,0x37,0x34,0x34,0x2e,0x35,0x30,0x37,0x38,0x31,0x32,0x20,0x33,0x39,0x35,
  0x2e,0x32,0x34,0x32,0x31,0x38,0x38,0x20,0x37,0x34,0x35,0x2e,0x39,0x38,0x34,0x33,
  0x37,0x35,0x20,0x33,0x38,0x37,0x2e,0x36,0x33,0x36,0x37,0x31,0x39,0x20,0x37,0x34,
  0x39,0x2e,0x30,0x34,0x36,0x38,0x37,0x35,0x20,0x33,0x38,0x32,0x2e,0x33,0x30,0x34,
  0x36,0x38,0x38,0x20,0x43,0x20,0x37,0x35,0x32,0x2e,0x31,0x31,0x33,0x32,0x38,0x31,
  0x20,0x33,0x37,0x36,0x2e,0x39,0x36,0x38,0x37,0x35,0x20,0x37,0x35,0x37,0x2e,0x33,
  0x33,0x32,0x30,0x33,0x31,0x20,0x33,0x37,0x34,0x2e,0x33,0x35,0x39,0x33,0x37,0x35,
  0x20,0x37,0x36,0x34,0x2e,0x39,0x33,0x37,0x35,0x20,0x33,0x37,0x34,0x2e,0x33,0x35,
  0x39,0x33,0x37,0x35,0x20,0x43,0x20,0x37,0x37,0x32,0x2e,0x35,0x33,0x39,0x30,0x36,
  0x32,0x20,0x33,0x37,0x34,0x2e,0x33,0x35,0x39,0x33,0x37,0x35,0x20,0x37,0x37,0x37,
  0x2e,0x37,0x35,0x37,0x38,0x31,0x32,0x20,0x33,0x37,0x36,0x2e,0x39,0x36,0x38,0x37,
  0x35,0x20,0x37,0x38,0x30,0x2e,0x38,0x32,0x34,0x32,0x31,0x39,0x20,0x33,0x38,0x32,
  0x2e,0x33,0x30,0x34,0x36,0x38,0x38,0x20,0x43,0x20,0x37,0x38,0x33,0x2e,0x38,0x38,
  0x36,0x37,0x31,0x39,0x20,0x33,0x38,0x37,0x2e,0x36,0x33,0x36,0x37,0x31,0x39,0x20,
  0x37,0x38,0x35,0x2e,0x33,0x36,0x33,0x32,0x38,0x31,0x20,0x33,0x39,0x35,0x2e,0x31,
  0x32,0x35,0x20,0x37,0x38,0x35,0x2e,0x33,0x36,0x33,0x32,0x38,0x31,0x20,0x34,0x30,
  0x35,0x20,0x43,0x20,0x37,0x38,0x35,0x2e,0x33,0x36,0x33,0x32,0x38,0x31,0x20,0x34,
  0x31,0x34,0x2e,0x37,0x35,0x37,0x38,0x31,0x32,0x20,0x37,0x38,0x33,0x2e,0x38,0x38,
  0x36,0x37,0x31,0x39,0x20,0x34,0x32,0x32,0x2e,0x33,0x36,0x33,0x32,0x38,0x31,0x20,
  0x37,0x38,0x30,0x2e,0x38,0x32,0x34,0x32,0x31,0x39,0x20,0x34,0x32,0x37,0x2e,0x35,
  0x38,0x32,0x30,0x33,0x31,0x20,0x43,0x20,0x37,0x37,0x37,0x2e,0x37,0x35,0x37,0x38,
  0x31,0x32,0x20,0x34,0x33,0x32,0x2e,0x39,0x31,0x37,0x39,0x36,0x39,0x20,0x37,0x37,
  0x32,0x2e,0x34,0x32,0x35,0x37,0x38,0x31,0x20,0x34,0x33,0x35,0x2e,0x35,0x32,0x37,
  0x33,0x34,0x34,0x20,0x37,0x36,0x34,0x2e,0x39,0x33,0x37,0x35,0x20,0x34,0x33,0x35,
  0x2e,0x35,0x32,0x37,0x33,0x34,0x34,0x20,0x5a,0x20,0x4d,0x20,0x37,0x37,0x31,0x2e,
  0x37,0x34,0x36,0x30,0x39,0x34,0x20,0x34,0x32,0x30,0x2e,0x36,0x36,0x30,0x31,0x35,
  0x36,0x20,0x43,0x20,0x37,0x37,0x32,0x2e,0x37,0x36,0x35,0x36,0x32,0x35,0x20,0x34,
  0x31,0x37,0x2e,0x30,0x32,0x37,0x33,0x34,0x34,0x20,0x37,0x37,0x33,0x2e,0x33,0x33,
  0x32,0x30,0x33,0x31,0x20,0x34,0x31,0x31,0x2e,0x38,0x30,0x38,0x35,0x39,0x34,0x20,
  0x37,0x37,0x33,0x2e,0x33,0x33,0x32,0x30,0x33,0x31,0x20,0x34,0x30,0x35,0x20,0x43,
  0x20,0x37,0x37,0x33,0x2e,0x33,0x33,0x32,0x30,0x33,0x31,0x20,0x33,0x39,0x37,0x2e,
  0x38,0x35,0x31,0x35,0x36,0x32,0x20,0x37,0x37,0x32,0x2e,0x37,0x36,0x35,0x36,0x32,
  0x35,0x20,0x33,0x39,0x32,0x2e,0x35,0x31,0x35,0x36,0x32,0x35,0x20,0x37,0x37,0x31,
  0x2e,0x37,0x34,0x36,0x30,0x39,0x34,0x20,0x33,0x38,0x39,0x2e,0x31,0x31,0x33,0x32,
  0x38,0x31,0x20,0x43,0x20,0x37,0x37,0x30,0x2e,0x37,0x32,0x32,0x36,0x35,0x36,0x20,
  0x33,0x38,0x35,0x2e,0x37,0x30,0x37,0x30,0x33,0x31,0x20,0x37,0x36,0x38,0x2e,0x34,
  0x35,0x33,0x31,0x32,0x35,0x20,0x33,0x38,0x34,0x2e,0x30,0x30,0x33,0x39,0x30,0x36,
  0x20,0x37,0x36,0x34,0x2e,0x39,0x33,0x37,0x35,0x20,0x33,0x38,0x34,0x2e,0x30,0x30,
  0x33,0x39,0x30,0x36,0x20,0x43,0x20,0x37,0x36,0x31,0x2e,0x34,0x31,0x37,0x39,0x36,
  0x39,0x20,0x33,0x38,0x34,0x2e,0x30,0x30,0x33,0x39,0x30,0x36,0x20,0x37,0x35,0x39,
  0x2e,0x31,0x34,0x38,0x34,0x33,0x38,0x20,0x33,0x38,0x35,0x2e,0x37,0x30,0x37,0x30,
  0x33,0x31,0x20,0x37,0x35,0x38,0x2e,0x30,0x31,0x31,0x37,0x31,0x39,0x20,0x33,0x38,
  0x39,0x2e,0x31,0x31,0x33,0x32,0x38,0x31,0x20,0x43,0x20,0x37,0x35,0x36,0x2e,0x38,
  0x37,0x38,0x39,0x30,0x36,0x20,0x33,0x39,0x32,0x2e,0x35,0x31,0x35,0x36,0x32,0x35,
  0x20,0x37,0x35,0x36,0x2e,0x33,0x31,0x32,0x35,0x20,0x33,0x39,0x37,0x2e,0x38,0x35,
  0x31,0x35,0x36,0x32,0x20,0x37,0x35,0x36,0x2e,0x33,0x31,0x32,0x35,0x20,0x34,0x30,
  0x35,0x20,0x43,0x20,0x37,0x35,0x36,0x2e,0x33,0x31,0x32,0x35,0x20,0x34,0x31,0x31,
  0x2e,0x38,0x30,0x38,0x35,0x39,0x34,0x20,0x37,0x35,0x36,0x2e,0x38,0x37,0x38,0x39,
  0x30,0x36,0x20,0x34,0x31,0x37,0x2e,0x30,0x32,0x37,0x33,0x34,0x34,0x20,0x37,0x35,
  0x38,0x2e,0x30,0x31,0x31,0x37,0x31,0x39,0x20,0x34,0x32,0x30,0x2e,0x36,0x36,0x30,
  0x31,0x35,0x36,0x20,0x43,0x20,0x37,0x35,0x39,0x2e,0x31,0x34,0x38,0x34,0x33,0x38,
  0x20,0x34,0x32,0x34,0x2e,0x32,0x39,0x32,0x39,0x36,0x39,0x20,0x37,0x36,0x31,0x2e,
  0x34,0x31,0x37,0x39,0x36,0x39,0x20,0x34,0x32,0x36,0x2e,0x31,0x30,0x39,0x33,0x37,
  0x35,0x20,0x37,0x36,0x34,0x2e,0x39,0x33,0x37,0x35,0x20,0x34,0x32,0x36,0x2e,0x31,
  0x30,0x39,0x33,0x37,0x35,0x20,0x43,0x20,0x37,0x36,0x38,0x2e,0x33,0x33,0x39,0x38,
  0x34,0x34,0x20,0x34,0x32,0x35,0x2e,0x39,0x39,0x36,0x30,0x39,0x34,0x20,0x37,0x37,
  0x30,0x2e,0x36,0x30,0x39,0x33,0x37,0x35,0x20,0x34,0x32,0x34,0x2e,0x32,0x39,0x32,
  0x39,0x36,0x39,0x20,0x37,0x37,0x31,0x2e,0x37,0x34,0x36,0x30,0x39,0x34,0x20,0x34,
  0x32,0x30,0x2e,0x36,0x36,0x30,0x31,0x35,0x36,0x20,0x5a,0x20,0x4d,0x20,0x37,0x37,
  0x31,0x2e,0x37,0x34,0x36,0x30,0x39,0x34,0x20,0x34,0x32,0x30,0x2e,0x36,0x36,0x30,
  0x31,0x35,0x36,0x20,0x22,0x2f,0x3e,0x3c,0x2f,0x67,0x3e,0x3c,0x2f,0x73,0x76,0x67,
  0x3e,
    // 30.svg
  0x0,0x0,0x11,0x31,
  0x3c,
  0x73,0x76,0x67,0x20,0x78,0x6d,0x6c,0x6e,0x73,0x3d,0x22,0x68,0x74,0x74,0x70,0x3a,
  0x2f,0x2f,0x77,0x77,0x77,0x2e,0x77,0x33,0x2e,0x6f,0x72,0x67,0x2f,0x32,0x30,0x30,
  0x30,0x2f,0x73,0x76,0x67,0x22,0x20,0x78,0x6d,0x6c,0x6e,0x73,0x3a,0x78,0x6c,0x69,
  0x6e,0x6b,0x3d,0x22,0x68,0x74,0x74,0x70,0x3a,0x2f,0x2f,0x77,0x77,0x77,0x2e,0x77,
  0x33,0x2e,0x6f,0x72,0x67,0x2f,0x31,0x39,0x39,0x39,0x2f,0x78,0x6c,0x69,0x6e,0x6b,
  0x22,0x20,0x77,0x69,0x64,0x74,0x68,0x3d,0x22,0x31,0x39,0x32,0x30,0x22,0x20,0x7a,
  0x6f,0x6f,0x6d,0x41,0x6e,0x64,0x50,0x61,0x6e,0x3d,0x22,0x6d,0x61,0x67,0x6e,0x69,
  0x66,0x79,0x22,0x20,0x76,0x69,0x65,0x77,0x42,0x6f,0x78,0x3d,0x22,0x30,0x20,0x30,
  0x20,0x31,0x34,0x34,0x30,0x20,0x38,0x30,0x39,0x2e,0x39,0x39,0x39,0x39,0x39,0x33,
  0x22,0x20,0x68,0x65,0x69,0x67,0x68,0x74,0x3d,0x22,0x31,0x30,0x38,0x30,0x22,0x20,
  0x70,0x72,0x65,0x73,0x65,0x72,0x76,0x65,0x41,0x73,0x70,0x65,0x63,0x74,0x52,0x61,
  0x74,0x69,0x6f,0x3d,0x22,0x78,0x4d,0x69,0x64,0x59,0x4d,0x69,0x64,0x20,0x6d,0x65,
  0x65,0x74,0x22,0x20,0x76,0x65,0x72,0x73,0x69,0x6f,0x6e,0x3d,0x22,0x31,0x2e,0x32,
  0x22,0x3e,0x3c,0x64,0x65,0x66,0x73,0x3e,0x3c,0x63,0x6c,0x69,0x70,0x50,0x61,0x74,
  0x68,0x20,0x69,0x64,0x3d,0x22,0x62,0x37,0x66,0x30,0x34,0x62,0x66,0x39,0x32,0x62,
  0x22,0x3e,0x3c,0x70,0x61,0x74,0x68,0x20,0x64,0x3d,0x22,0x4d,0x20,0x36,0x30,0x39,
  0x2e,0x31,0x32,0x35,0x20,0x32,0x39,0x34,0x2e,0x31,0x32,0x35,0x20,0x4c,0x20,0x38,
  0x33,0x31,0x2e,0x31,0x32,0x35,0x20,0x32,0x39,0x34,0x2e,0x31,0x32,0x35,0x20,0x4c,
  0x20,0x38,0x33,0x31,0x2e,0x31,0x32,0x35,0x20,0x35,0x31,0x36,0x2e,0x31,0x32,0x35,
  0x20,0x4c,0x20,0x36,0x30,0x39,0x2e,0x31,0x32,0x35,0x20,0x35,0x31,0x36,0x2e,0x31,
  0x32,0x35,0x20,0x5a,0x20,0x4d,0x20,0x36,0x30,0x39,0x2e,0x31,0x32,0x35,0x20,0x32,
  0x39,0x34,0x2e,0x31,0x32,0x35,0x20,0x22,0x2f,0x3e,0x3c,0x2f,0x63,0x6c,0x69,0x70,
  0x50,0x61,0x74,0x68,0x3e,0x3c,0x2f,0x64,0x65,0x66,0x73,0x3e,0x3c,0x67,0x20,0x69,
  0x64,0x3d,0x22,0x65,0x35,0x30,0x64,0x35,0x34,0x36,0x38,0x38,0x34,0x22,0x3e,0x3c,
  0x67,0x20,0x63,0x6c,0x69,0x70,0x2d,0x72,0x75,0x6c,0x65,0x3d,0x22,0x6e,0x6f,0x6e,
  0x7a,0x65,0x72,0x6f,0x22,0x20,0x63,0x6c,0x69,0x70,0x2d,0x70,0x61,0x74,0x68,0x3d,
  0x22,0x75,0x72,0x6c,0x28,0x23,0x62,0x37,0x66,0x30,0x34,0x62,0x66,0x39,0x32,0x62,
  0x29,0x22,0x3e,0x3c,0x70,0x61,0x74,0x68,0x20,0x73,0x74,0x79,0x6c,0x65,0x3d,0x22,
  0x20,0x73,0x74,0x72,0x6f,0x6b,0x65,0x3a,0x6e,0x6f,0x6e,0x65,0x3b,0x66,0x69,0x6c,
  0x6c,0x2d,0x72,0x75,0x6c,0x65,0x3a,0x6e,0x6f,0x6e,0x7a,0x65,0x72,0x6f,0x3b,0x66,
  0x69,0x6c,0x6c,0x3a,0x23,0x65,0x63,0x32,0x32,0x32,0x34,0x3b,0x66,0x69,0x6c,0x6c,
  0x2d,0x6f,0x70,0x61,0x63,0x69,0x74,0x79,0x3a,0x31,0x3b,0x22,0x20,0x64,0x3d,0x22,
  0x4d,0x20,0x36,0x30,0x39,0x2e,0x31,0x32,0x35,0x20,0x34,0x30,0x35,0x2e,0x31,0x32,
  0x38,0x39,0x30,0x36,0x20,0x43,0x20,0x36,0x30,0x39,0x2e,0x31,0x32,0x35,0x20,0x33,
  0x34,0x34,0x2e,0x30,0x30,0x33,0x39,0x30,0x36,0x20,0x36,0x35,0x38,0x2e,0x38,0x39,
  0x30,0x36,0x32,0x35,0x20,0x32,0x39,0x34,0x2e,0x31,0x32,0x35,0x20,0x37,0x32,0x30,
  0x2e,0x31,0x32,0x38,0x39,0x30,0x36,0x20,0x32,0x39,0x34,0x2e,0x31,0x32,0x35,0x20,
  0x43,0x20,0x37,0x38,0x31,0x2e,0x32,0x35,0x33,0x39,0x30,0x36,0x20,0x32,0x39,0x34,
  0x2e,0x31,0x32,0x35,0x20,0x38,0x33,0x31,0x2e,0x31,0x32,0x38,0x39,0x30,0x36,0x20,
  0x33,0x34,0x33,0x2e,0x38,0x39,0x30,0x36,0x32,0x35,0x20,0x38,0x33,0x31,0x2e,0x31,
  0x32,0x38,0x39,0x30,0x36,0x20,0x34,0x30,0x35,0x2e,0x31,0x32,0x38,0x39,0x30,0x36,
  0x20,0x43,0x20,0x38,0x33,0x31,0x2e,0x31,0x32,0x38,0x39,0x30,0x36,0x20,0x34,0x36,
  0x36,0x2e,0x33,0x36,0x37,0x31,0x38,0x38,0x20,0x37,0x38,0x31,0x2e,0x33,0x36,0x37,
  0x31,0x38,0x38,0x20,0x35,0x31,0x36,0x2e,0x31,0x33,0x32,0x38,0x31,0x32,0x20,0x37,
  0x32,0x30,0x2e,0x31,0x32,0x38,0x39,0x30,0x36,0x20,0x35,0x31,0x36,0x2e,0x31,0x33,
  0x32,0x38,0x31,0x32,0x20,0x43,0x20,0x36,0x35,0x38,0x2e,0x38,0x39,0x30,0x36,0x32,
  0x35,0x20,0x35,0x31,0x36,0x2e,0x30,0x31,0x35,0x36,0x32,0x35,0x20,0x36,0x30,0x39,
  0x2e,0x31,0x32,0x35,0x20,0x34,0x36,0x36,0x2e,0x32,0x35,0x33,0x39,0x30,0x36,0x20,
  0x36,0x30,0x39,0x2e,0x31,0x32,0x35,0x20,0x34,0x30,0x35,0x2e,0x31,0x32,0x38,0x39,
  0x30,0x36,0x20,0x5a,0x20,0x4d,0x20,0x36,0x30,0x39,0x2e,0x31,0x32,0x35,0x20,0x34,
  0x30,0x35,0x2e,0x31,0x32,0x38,0x39,0x30,0x36,0x20,0x22,0x2f,0x3e,0x3c,0x2f,0x67,
  0x3e,0x3c,0x70,0x61,0x74,0x68,0x20,0x73,0x74,0x79,0x6c,0x65,0x3d,0x22,0x20,0x73,
  0x74,0x72,0x6f,0x6b,0x65,0x3a,0x6e,0x6f,0x6e,0x65,0x3b,0x66,0x69,0x6c,0x6c,0x2d,
  0x72,0x75,0x6c,0x65,0x3a,0x65,0x76,0x65,0x6e,0x6f,0x64,0x64,0x3b,0x66,0x69,0x6c,
  0x6c,0x3a,0x23,0x66,0x66,0x66,0x66,0x66,0x66,0x3b,0x66,0x69,0x6c,0x6c,0x2d,0x6f,
  0x70,0x61,0x63,0x69,0x74,0x79,0x3a,0x31,0x3b,0x22,0x20,0x64,0x3d,0x22,0x4d,0x20,
  0x37,0x32,0x30,0x2e,0x31,0x32,0x38,0x39,0x30,0x36,0x20,0x34,0x39,0x32,0x2e,0x30,
  0x34,0x32,0x39,0x36,0x39,0x20,0x43,0x20,0x36,0x37,0x32,0x2e,0x31,0x38,0x33,0x35,
  0x39,0x34,0x20,0x34,0x39,0x32,0x2e,0x30,0x34,0x32,0x39,0x36,0x39,0x20,0x36,0x33,
  0x33,0x2e,0x30,0x39,0x37,0x36,0x35,0x36,0x20,0x34,0x35,0x32,0x2e,0x39,0x36,0x30,
  0x39,0x33,0x38,0x20,0x36,0x33,0x33,0x2e,0x30,0x39,0x37,0x36,0x35,0x36,0x20,0x34,
  0x30,0x35,0x2e,0x30,0x31,0x35,0x36,0x32,0x35,0x20,0x43,0x20,0x36,0x33,0x33,0x2e,
  0x30,0x39,0x37,0x36,0x35,0x36,0x20,0x33,0x35,0x37,0x2e,0x30,0x37,0x30,0x33,0x31,
  0x32,0x20,0x36,0x37,0x32,0x2e,0x31,0x38,0x33,0x35,0x39,0x34,0x20,0x33,0x31,0x37,
  0x2e,0x39,0x38,0x34,0x33,0x37,0x35,0x20,0x37,0x32,0x30,0x2e,0x31,0x32,0x38,0x39,
  0x30,0x36,0x20,0x33,0x31,0x37,0x2e,0x39,0x38,0x34,0x33,0x37,0x35,0x20,0x43,0x20,
  0x37,0x36,0x38,0x2e,0x30,0x37,0x34,0x32,0x31,0x39,0x20,0x33,0x31,0x37,0x2e,0x39,
  0x38,0x34,0x33,0x37,0x35,0x20,0x38,0x30,0x37,0x2e,0x31,0x35,0x36,0x32,0x35,0x20,
  0x33,0x35,0x37,0x2e,0x30,0x37,0x30,0x33,0x31,0x32,0x20,0x38,0x30,0x37,0x2e,0x31,
  0x35,0x36,0x32,0x35,0x20,0x34,0x30,0x35,0x2e,0x30,0x31,0x35,0x36,0x32,0x35,0x20,
  0x43,0x20,0x38,0x30,0x37,0x2e,0x30,0x34,0x32,0x39,0x36,0x39,0x20,0x34,0x35,0x33,
  0x2e,0x30,0x37,0x34,0x32,0x31,0x39,0x20,0x37,0x36,0x38,0x2e,0x30,0x37,0x34,0x32,
  0x31,0x39,0x20,0x34,0x39,0x32,0x2e,0x30,0x34,0x32,0x39,0x36,0x39,0x20,0x37,0x32,
  0x30,0x2e,0x31,0x32,0x38,0x39,0x30,0x36,0x20,0x34,0x39,0x32,0x2e,0x30,0x34,0x32,
  0x39,0x36,0x39,0x20,0x5a,0x20,0x4d,0x20,0x37,0x32,0x30,0x2e,0x31,0x32,0x38,0x39,
  0x30,0x36,0x20,0x34,0x39,0x32,0x2e,0x30,0x34,0x32,0x39,0x36,0x39,0x20,0x22,0x2f,
  0x3e,0x3c,0x70,0x61,0x74,0x68,0x20,0x73,0x74,0x79,0x6c,0x65,0x3d,0x22,0x20,0x73,
  0x74,0x72,0x6f,0x6b,0x65,0x3a,0x6e,0x6f,0x6e,0x65,0x3b,0x66,0x69,0x6c,0x6c,0x2d,
  0x72,0x75,0x6c,0x65,0x3a,0x6e,0x6f,0x6e,0x7a,0x65,0x72,0x6f,0x3b,0x66,0x69,0x6c,
  0x6c,0x3a,0x23,0x30,0x30,0x30,0x30,0x30,0x30,0x3b,0x66,0x69,0x6c,0x6c,0x2d,0x6f,
  0x70,0x61,0x63,0x69,0x74,0x79,0x3a,0x31,0x3b,0x22,0x20,0x64,0x3d,0x22,0x4d,0x20,
  0x36,0x38,0x39,0x2e,0x39,0x30,0x36,0x32,0x35,0x20,0x33,0x38,0x36,0x2e,0x37,0x32,
  0x32,0x36,0x35,0x36,0x20,0x43,0x20,0x36,0x38,0x38,0x2e,0x35,0x34,0x32,0x39,0x36,
  0x39,0x20,0x33,0x38,0x38,0x2e,0x34,0x32,0x35,0x37,0x38,0x31,0x20,0x36,0x38,0x37,
  0x2e,0x39,0x37,0x36,0x35,0x36,0x32,0x20,0x33,0x39,0x30,0x2e,0x38,0x31,0x32,0x35,
  0x20,0x36,0x38,0x37,0x2e,0x39,0x37,0x36,0x35,0x36,0x32,0x20,0x33,0x39,0x33,0x2e,
  0x37,0x36,0x35,0x36,0x32,0x35,0x20,0x4c,0x20,0x36,0x37,0x37,0x2e,0x30,0x36,0x36,
  0x34,0x30,0x36,0x20,0x33,0x39,0x33,0x2e,0x37,0x36,0x35,0x36,0x32,0x35,0x20,0x43,
  0x20,0x36,0x37,0x37,0x2e,0x31,0x38,0x33,0x35,0x39,0x34,0x20,0x33,0x39,0x30,0x2e,
  0x38,0x31,0x32,0x35,0x20,0x36,0x37,0x37,0x2e,0x36,0x33,0x36,0x37,0x31,0x39,0x20,
  0x33,0x38,0x37,0x2e,0x39,0x37,0x32,0x36,0x35,0x36,0x20,0x36,0x37,0x38,0x2e,0x35,
  0x34,0x36,0x38,0x37,0x35,0x20,0x33,0x38,0x35,0x2e,0x33,0x35,0x39,0x33,0x37,0x35,
  0x20,0x43,0x20,0x36,0x37,0x39,0x2e,0x34,0x35,0x33,0x31,0x32,0x35,0x20,0x33,0x38,
  0x33,0x2e,0x30,0x38,0x35,0x39,0x33,0x38,0x20,0x36,0x38,0x31,0x2e,0x30,0x34,0x36,
  0x38,0x37,0x35,0x20,0x33,0x38,0x30,0x2e,0x39,0x32,0x39,0x36,0x38,0x38,0x20,0x36,
  0x38,0x33,0x2e,0x30,0x38,0x39,0x38,0x34,0x34,0x20,0x33,0x37,0x38,0x2e,0x38,0x38,
  0x32,0x38,0x31,0x32,0x20,0x43,0x20,0x36,0x38,0x34,0x2e,0x35,0x36,0x36,0x34,0x30,
  0x36,0x20,0x33,0x37,0x37,0x2e,0x35,0x31,0x39,0x35,0x33,0x31,0x20,0x36,0x38,0x36,
  0x2e,0x33,0x38,0x36,0x37,0x31,0x39,0x20,0x33,0x37,0x36,0x2e,0x33,0x38,0x32,0x38,
  0x31,0x32,0x20,0x36,0x38,0x38,0x2e,0x35,0x34,0x32,0x39,0x36,0x39,0x20,0x33,0x37,
  0x35,0x2e,0x37,0x30,0x33,0x31,0x32,0x35,0x20,0x43,0x20,0x36,0x39,0x30,0x2e,0x35,
  0x38,0x39,0x38,0x34,0x34,0x20,0x33,0x37,0x35,0x2e,0x30,0x31,0x39,0x35,0x33,0x31,
  0x20,0x36,0x39,0x33,0x2e,0x32,0x30,0x33,0x31,0x32,0x35,0x20,0x33,0x37,0x34,0x2e,
  0x35,0x36,0x36,0x34,0x30,0x36,0x20,0x36,0x39,0x36,0x2e,0x32,0x36,0x39,0x35,0x33,
  0x31,0x20,0x33,0x37,0x34,0x2e,0x35,0x36,0x36,0x34,0x30,0x36,0x20,0x43,0x20,0x37,
  0x30,0x31,0x2e,0x39,0x34,0x39,0x32,0x31,0x39,0x20,0x33,0x37,0x34,0x2e,0x35,0x36,
  0x36,0x34,0x30,0x36,0x20,0x37,0x30,0x36,0x2e,0x34,0x39,0x36,0x30,0x39,0x34,0x20,
  0x33,0x37,0x36,0x2e,0x30,0x34,0x32,0x39,0x36,0x39,0x20,0x37,0x31,0x30,0x2e,0x30,
  0x31,0x35,0x36,0x32,0x35,0x20,0x33,0x37,0x38,0x2e,0x39,0x39,0x36,0x30,0x39,0x34,
  0x20,0x43,0x20,0x37,0x31,0x33,0x2e,0x35,0x33,0x39,0x30,0x36,0x32,0x20,0x33,0x38,
  0x31,0x2e,0x39,0x34,0x39,0x32,0x31,0x39,0x20,0x37,0x31,0x35,0x2e,0x32,0x34,0x32,
  0x31,0x38,0x38,0x20,0x33,0x38,0x35,0x2e,0x38,0x31,0x32,0x35,0x20,0x37,0x31,0x35,
  0x2e,0x32,0x34,0x32,0x31,0x38,0x38,0x20,0x33,0x39,0x30,0x2e,0x38,0x31,0x32,0x35,
  0x20,0x43,0x20,0x37,0x31,0x35,0x2e,0x32,0x34,0x32,0x31,0x38,0x38,0x20,0x33,0x39,
  0x34,0x2e,0x33,0x33,0x35,0x39,0x33,0x38,0x20,0x37,0x31,0x34,0x2e,0x32,0x31,0x38,
  0x37,0x35,0x20,0x33,0x39,0x37,0x2e,0x32,0x38,0x39,0x30,0x36,0x32,0x20,0x37,0x31,
  0x32,0x2e,0x31,0x37,0x35,0x37,0x38,0x31,0x20,0x33,0x39,0x39,0x2e,0x36,0x37,0x35,
  0x37,0x38,0x31,0x20,0x43,0x20,0x37,0x31,0x30,0x2e,0x38,0x31,0x32,0x35,0x20,0x34,
  0x30,0x31,0x2e,0x31,0x35,0x32,0x33,0x34,0x34,0x20,0x37,0x30,0x39,0x2e,0x34,0x34,
  0x39,0x32,0x31,0x39,0x20,0x34,0x30,0x32,0x2e,0x31,0x37,0x35,0x37,0x38,0x31,0x20,
  0x37,0x30,0x38,0x2e,0x30,0x38,0x35,0x39,0x33,0x38,0x20,0x34,0x30,0x32,0x2e,0x37,
  0x34,0x32,0x31,0x38,0x38,0x20,0x43,0x20,0x37,0x30,0x39,0x2e,0x31,0x30,0x39,0x33,
  0x37,0x35,0x20,0x34,0x30,0x32,0x2e,0x37,0x34,0x32,0x31,0x38,0x38,0x20,0x37,0x31,
  0x30,0x2e,0x36,0x39,0x39,0x32,0x31,0x39,0x20,0x34,0x30,0x33,0x2e,0x36,0x35,0x32,
  0x33,0x34,0x34,0x20,0x37,0x31,0x32,0x2e,0x36,0x32,0x38,0x39,0x30,0x36,0x20,0x34,
  0x30,0x35,0x2e,0x34,0x36,0x38,0x37,0x35,0x20,0x43,0x20,0x37,0x31,0x35,0x2e,0x35,
  0x38,0x35,0x39,0x33,0x38,0x20,0x34,0x30,0x38,0x2e,0x31,0x39,0x35,0x33,0x31,0x32,
  0x20,0x37,0x31,0x37,0x2e,0x30,0x36,0x32,0x35,0x20,0x34,0x31,0x31,0x2e,0x39,0x34,
  0x35,0x33,0x31,0x32,0x20,0x37,0x31,0x37,0x2e,0x30,0x36,0x32,0x35,0x20,0x34,0x31,
  0x36,0x2e,0x37,0x31,0x38,0x37,0x35,0x20,0x43,0x20,0x37,0x31,0x37,0x2e,0x30,0x36,
  0x32,0x35,0x20,0x34,0x32,0x31,0x2e,0x37,0x31,0x34,0x38,0x34,0x34,0x20,0x37,0x31,
  0x35,0x2e,0x33,0x35,0x35,0x34,0x36,0x39,0x20,0x34,0x32,0x36,0x2e,0x31,0x34,0x38,
  0x34,0x33,0x38,0x20,0x37,0x31,0x31,0x2e,0x38,0x33,0x35,0x39,0x33,0x38,0x20,0x34,
  0x33,0x30,0x2e,0x30,0x31,0x31,0x37,0x31,0x39,0x20,0x43,0x20,0x37,0x30,0x38,0x2e,
  0x33,0x31,0x32,0x35,0x20,0x34,0x33,0x33,0x2e,0x37,0x36,0x31,0x37,0x31,0x39,0x20,
  0x37,0x30,0x33,0x2e,0x31,0x39,0x39,0x32,0x31,0x39,0x20,0x34,0x33,0x35,0x2e,0x36,
  0x39,0x31,0x34,0x30,0x36,0x20,0x36,0x39,0x36,0x2e,0x33,0x38,0x32,0x38,0x31,0x32,
  0x20,0x34,0x33,0x35,0x2e,0x36,0x39,0x31,0x34,0x30,0x36,0x20,0x43,0x20,0x36,0x38,
  0x37,0x2e,0x39,0x37,0x36,0x35,0x36,0x32,0x20,0x34,0x33,0x35,0x2e,0x36,0x39,0x31,
  0x34,0x30,0x36,0x20,0x36,0x38,0x32,0x2e,0x31,0x37,0x39,0x36,0x38,0x38,0x20,0x34,
  0x33,0x32,0x2e,0x39,0x36,0x34,0x38,0x34,0x34,0x20,0x36,0x37,0x38,0x2e,0x38,0x38,
  0x36,0x37,0x31,0x39,0x20,0x34,0x32,0x37,0x2e,0x35,0x31,0x31,0x37,0x31,0x39,0x20,
  0x43,0x20,0x36,0x37,0x37,0x2e,0x31,0x38,0x33,0x35,0x39,0x34,0x20,0x34,0x32,0x34,
  0x2e,0x35,0x35,0x38,0x35,0x39,0x34,0x20,0x36,0x37,0x36,0x2e,0x31,0x36,0x30,0x31,
  0x35,0x36,0x20,0x34,0x32,0x30,0x2e,0x38,0x30,0x38,0x35,0x39,0x34,0x20,0x36,0x37,
  0x36,0x2e,0x30,0x34,0x36,0x38,0x37,0x35,0x20,0x34,0x31,0x36,0x2e,0x30,0x33,0x35,
  0x31,0x35,0x36,0x20,0x4c,0x20,0x36,0x38,0x37,0x2e,0x35,0x31,0x39,0x35,0x33,0x31,
  0x20,0x34,0x31,0x36,0x2e,0x30,0x33,0x35,0x31,0x35,0x36,0x20,0x43,0x20,0x36,0x38,
  0x37,0x2e,0x35,0x31,0x39,0x35,0x33,0x31,0x20,0x34,0x31,0x38,0x2e,0x34,0x32,0x31,
  0x38,0x37,0x35,0x20,0x36,0x38,0x37,0x2e,0x38,0x36,0x33,0x32,0x38,0x31,0x20,0x34,
  0x32,0x30,0x2e,0x33,0x35,0x31,0x35,0x36,0x32,0x20,0x36,0x38,0x38,0x2e,0x36,0x35,
  0x36,0x32,0x35,0x20,0x34,0x32,0x31,0x2e,0x39,0x34,0x35,0x33,0x31,0x32,0x20,0x43,
  0x20,0x36,0x39,0x30,0x2e,0x30,0x31,0x39,0x35,0x33,0x31,0x20,0x34,0x32,0x34,0x2e,
  0x37,0x38,0x35,0x31,0x35,0x36,0x20,0x36,0x39,0x32,0x2e,0x36,0x33,0x32,0x38,0x31,
  0x32,0x20,0x34,0x32,0x36,0x2e,0x32,0x36,0x31,0x37,0x31,0x39,0x20,0x36,0x39,0x36,
  0x2e,0x33,0x38,0x32,0x38,0x31,0x32,0x20,0x34,0x32,0x36,0x2e,0x32,0x36,0x31,0x37,
  0x31,0x39,0x20,0x43,0x20,0x36,0x39,0x38,0x2e,0x36,0x35,0x36,0x32,0x35,0x20,0x34,
  0x32,0x36,0x2e,0x32,0x36,0x31,0x37,0x31,0x39,0x20,0x37,0x30,0x30,0x2e,0x36,0x39,
  0x39,0x32,0x31,0x39,0x20,0x34,0x32,0x35,0x2e,0x34,0x36,0x34,0x38,0x34,0x34,0x20,
  0x37,0x30,0x32,0x2e,0x34,0x30,0x36,0x32,0x35,0x20,0x34,0x32,0x33,0x2e,0x38,0x37,
  0x35,0x20,0x43,0x20,0x37,0x30,0x34,0x2e,0x31,0x30,0x39,0x33,0x37,0x35,0x20,0x34,
  0x32,0x32,0x2e,0x32,0x38,0x35,0x31,0x35,0x36,0x20,0x37,0x30,0x35,0x2e,0x30,0x31,
  0x39,0x35,0x33,0x31,0x20,0x34,0x32,0x30,0x2e,0x30,0x31,0x31,0x37,0x31,0x39,0x20,
  0x37,0x30,0x35,0x2e,0x30,0x31,0x39,0x35,0x33,0x31,0x20,0x34,0x31,0x37,0x2e,0x30,
  0x35,0x38,0x35,0x39,0x34,0x20,0x43,0x20,0x37,0x30,0x35,0x2e,0x30,0x31,0x39,0x35,
  0x33,0x31,0x20,0x34,0x31,0x33,0x2e,0x31,0x39,0x35,0x33,0x31,0x32,0x20,0x37,0x30,
  0x33,0x2e,0x34,0x32,0x35,0x37,0x38,0x31,0x20,0x34,0x31,0x30,0x2e,0x35,0x38,0x32,
  0x30,0x33,0x31,0x20,0x37,0x30,0x30,0x2e,0x32,0x34,0x36,0x30,0x39,0x34,0x20,0x34,
  0x30,0x39,0x2e,0x32,0x31,0x38,0x37,0x35,0x20,0x43,0x20,0x36,0x39,0x38,0x2e,0x34,
  0x32,0x39,0x36,0x38,0x38,0x20,0x34,0x30,0x38,0x2e,0x35,0x33,0x39,0x30,0x36,0x32,
  0x20,0x36,0x39,0x35,0x2e,0x35,0x38,0x35,0x39,0x33,0x38,0x20,0x34,0x30,0x38,0x2e,
  0x30,0x38,0x32,0x30,0x33,0x31,0x20,0x36,0x39,0x31,0x2e,0x37,0x32,0x36,0x35,0x36,
  0x32,0x20,0x34,0x30,0x38,0x2e,0x30,0x38,0x32,0x30,0x33,0x31,0x20,0x4c,0x20,0x36,
  0x39,0x31,0x2e,0x37,0x32,0x36,0x35,0x36,0x32,0x20,0x33,0x39,0x39,0x2e,0x37,0x38,
  0x39,0x30,0x36,0x32,0x20,0x43,0x20,0x36,0x39,0x35,0x2e,0x34,0x37,0x32,0x36,0x35,
  0x36,0x20,0x33,0x39,0x39,0x2e,0x37,0x38,0x39,0x30,0x36,0x32,0x20,0x36,0x39,0x38,
  0x2e,0x31,0x39,0x39,0x32,0x31,0x39,0x20,0x33,0x39,0x39,0x2e,0x33,0x33,0x35,0x39,
  0x33,0x38,0x20,0x36,0x39,0x39,0x2e,0x36,0x37,0x39,0x36,0x38,0x38,0x20,0x33,0x39,
  0x38,0x2e,0x36,0x35,0x32,0x33,0x34,0x34,0x20,0x43,0x20,0x37,0x30,0x32,0x2e,0x32,
  0x38,0x39,0x30,0x36,0x32,0x20,0x33,0x39,0x37,0x2e,0x35,0x31,0x35,0x36,0x32,0x35,
  0x20,0x37,0x30,0x33,0x2e,0x35,0x33,0x39,0x30,0x36,0x32,0x20,0x33,0x39,0x35,0x2e,
  0x32,0x34,0x36,0x30,0x39,0x34,0x20,0x37,0x30,0x33,0x2e,0x35,0x33,0x39,0x30,0x36,
  0x32,0x20,0x33,0x39,0x31,0x2e,0x37,0x32,0x32,0x36,0x35,0x36,0x20,0x43,0x20,0x37,
  0x30,0x33,0x2e,0x35,0x33,0x39,0x30,0x36,0x32,0x20,0x33,0x38,0x39,0x2e,0x34,0x34,
  0x39,0x32,0x31,0x39,0x20,0x37,0x30,0x32,0x2e,0x38,0x35,0x39,0x33,0x37,0x35,0x20,
  0x33,0x38,0x37,0x2e,0x36,0x33,0x32,0x38,0x31,0x32,0x20,0x37,0x30,0x31,0x2e,0x36,
  0x30,0x39,0x33,0x37,0x35,0x20,0x33,0x38,0x36,0x2e,0x31,0x35,0x36,0x32,0x35,0x20,
  0x43,0x20,0x37,0x30,0x30,0x2e,0x32,0x34,0x36,0x30,0x39,0x34,0x20,0x33,0x38,0x34,
  0x2e,0x37,0x39,0x32,0x39,0x36,0x39,0x20,0x36,0x39,0x38,0x2e,0x34,0x32,0x39,0x36,
  0x38,0x38,0x20,0x33,0x38,0x33,0x2e,0x39,0x39,0x36,0x30,0x39,0x34,0x20,0x36,0x39,
  0x36,0x2e,0x30,0x34,0x32,0x39,0x36,0x39,0x20,0x33,0x38,0x33,0x2e,0x39,0x39,0x36,
  0x30,0x39,0x34,0x20,0x43,0x20,0x36,0x39,0x33,0x2e,0x32,0x30,0x33,0x31,0x32,0x35,
  0x20,0x33,0x38,0x34,0x2e,0x31,0x30,0x39,0x33,0x37,0x35,0x20,0x36,0x39,0x31,0x2e,
  0x32,0x36,0x39,0x35,0x33,0x31,0x20,0x33,0x38,0x35,0x2e,0x30,0x31,0x39,0x35,0x33,
  0x31,0x20,0x36,0x38,0x39,0x2e,0x39,0x30,0x36,0x32,0x35,0x20,0x33,0x38,0x36,0x2e,
  0x37,0x32,0x32,0x36,0x35,0x36,0x20,0x5a,0x20,0x4d,0x20,0x36,0x38,0x39,0x2e,0x39,
  0x30,0x36,0x32,0x35,0x20,0x33,0x38,0x36,0x2e,0x37,0x32,0x32,0x36,0x35,0x36,0x20,
  0x22,0x2f,0x3e,0x3c,0x70,0x61,0x74,0x68,0x20,0x73,0x74,0x79,0x6c,0x65,0x3d,0x22,
  0x20,0x73,0x74,0x72,0x6f,0x6b,0x65,0x3a,0x6e,0x6f,0x6e,0x65,0x3b,0x66,0x69,0x6c,
  0x6c,0x2d,0x72,0x75,0x6c,0x65,0x3a,0x6e,0x6f,0x6e,0x7a,0x65,0x72,0x6f,0x3b,0x66,
  0x69,0x6c,0x6c,0x3a,0x23,0x30,0x30,0x30,0x30,0x30,0x30,0x3b,0x66,0x69,0x6c,0x6c,
  0x2d,0x6f,0x70,0x61,0x63,0x69,0x74,0x79,0x3a,0x31,0x3b,0x22,0x20,0x64,0x3d,0x22,
  0x4d,0x20,0x37,0x34,0x33,0x2e,0x36,0x34,0x38,0x34,0x33,0x38,0x20,0x34,0x33,0x35,
  0x2e,0x36,0x39,0x31,0x34,0x30,0x36,0x20,0x43,0x20,0x37,0x33,0x36,0x2e,0x30,0x33,
  0x35,0x31,0x35,0x36,0x20,0x34,0x33,0x35,0x2e,0x36,0x39,0x31,0x34,0x30,0x36,0x20,
  0x37,0x33,0x30,0x2e,0x38,0x30,0x38,0x35,0x39,0x34,0x20,0x34,0x33,0x33,0x2e,0x30,
  0x37,0x38,0x31,0x32,0x35,0x20,0x37,0x32,0x37,0x2e,0x37,0x34,0x32,0x31,0x38,0x38,
  0x20,0x34,0x32,0x37,0x2e,0x37,0x33,0x38,0x32,0x38,0x31,0x20,0x43,0x20,0x37,0x32,
  0x34,0x2e,0x36,0x37,0x31,0x38,0x37,0x35,0x20,0x34,0x32,0x32,0x2e,0x33,0x39,0x38,
  0x34,0x33,0x38,0x20,0x37,0x32,0x33,0x2e,0x31,0x39,0x35,0x33,0x31,0x32,0x20,0x34,
  0x31,0x34,0x2e,0x38,0x39,0x38,0x34,0x33,0x38,0x20,0x37,0x32,0x33,0x2e,0x31,0x39,
  0x35,0x33,0x31,0x32,0x20,0x34,0x30,0x35,0x2e,0x31,0x32,0x38,0x39,0x30,0x36,0x20,
  0x43,0x20,0x37,0x32,0x33,0x2e,0x31,0x39,0x35,0x33,0x31,0x32,0x20,0x33,0x39,0x35,
  0x2e,0x33,0x35,0x39,0x33,0x37,0x35,0x20,0x37,0x32,0x34,0x2e,0x36,0x37,0x31,0x38,
  0x37,0x35,0x20,0x33,0x38,0x37,0x2e,0x37,0x34,0x36,0x30,0x39,0x34,0x20,0x37,0x32,
  0x37,0x2e,0x37,0x34,0x32,0x31,0x38,0x38,0x20,0x33,0x38,0x32,0x2e,0x34,0x30,0x36,
  0x32,0x35,0x20,0x43,0x20,0x37,0x33,0x30,0x2e,0x38,0x30,0x38,0x35,0x39,0x34,0x20,
  0x33,0x37,0x37,0x2e,0x30,0x36,0x36,0x34,0x30,0x36,0x20,0x37,0x33,0x36,0x2e,0x30,
  0x33,0x35,0x31,0x35,0x36,0x20,0x33,0x37,0x34,0x2e,0x34,0x35,0x33,0x31,0x32,0x35,
  0x20,0x37,0x34,0x33,0x2e,0x36,0x34,0x38,0x34,0x33,0x38,0x20,0x33,0x37,0x34,0x2e,
  0x34,0x35,0x33,0x31,0x32,0x35,0x20,0x43,0x20,0x37,0x35,0x31,0x2e,0x32,0x35,0x37,
  0x38,0x31,0x32,0x20,0x33,0x37,0x34,0x2e,0x34,0x35,0x33,0x31,0x32,0x35,0x20,0x37,
  0x35,0x36,0x2e,0x34,0x38,0x34,0x33,0x37,0x35,0x20,0x33,0x37,0x37,0x2e,0x30,0x36,
  0x36,0x34,0x30,0x36,0x20,0x37,0x35,0x39,0x2e,0x35,0x35,0x34,0x36,0x38,0x38,0x20,
  0x33,0x38,0x32,0x2e,0x34,0x30,0x36,0x32,0x35,0x20,0x43,0x20,0x37,0x36,0x32,0x2e,
  0x36,0x32,0x31,0x30,0x39,0x34,0x20,0x33,0x38,0x37,0x2e,0x37,0x34,0x36,0x30,0x39,
  0x34,0x20,0x37,0x36,0x34,0x2e,0x30,0x39,0x37,0x36,0x35,0x36,0x20,0x33,0x39,0x35,
  0x2e,0x32,0x34,0x32,0x31,0x38,0x38,0x20,0x37,0x36,0x34,0x2e,0x30,0x39,0x37,0x36,
  0x35,0x36,0x20,0x34,0x30,0x35,0x2e,0x31,0x32,0x38,0x39,0x30,0x36,0x20,0x43,0x20,
  0x37,0x36,0x34,0x2e,0x30,0x39,0x37,0x36,0x35,0x36,0x20,0x34,0x31,0x34,0x2e,0x38,
  0x39,0x38,0x34,0x33,0x38,0x20,0x37,0x36,0x32,0x2e,0x36,0x32,0x31,0x30,0x39,0x34,
  0x20,0x34,0x32,0x32,0x2e,0x35,0x31,0x31,0x37,0x31,0x39,0x20,0x37,0x35,0x39,0x2e,
  0x35,0x35,0x34,0x36,0x38,0x38,0x20,0x34,0x32,0x37,0x2e,0x37,0x33,0x38,0x32,0x38,
  0x31,0x20,0x43,0x20,0x37,0x35,0x36,0x2e,0x34,0x38,0x34,0x33,0x37,0x35,0x20,0x34,
  0x33,0x33,0x2e,0x30,0x37,0x38,0x31,0x32,0x35,0x20,0x37,0x35,0x31,0x2e,0x31,0x34,
  0x34,0x35,0x33,0x31,0x20,0x34,0x33,0x35,0x2e,0x36,0x39,0x31,0x34,0x30,0x36,0x20,
  0x37,0x34,0x33,0x2e,0x36,0x34,0x38,0x34,0x33,0x38,0x20,0x34,0x33,0x35,0x2e,0x36,
  0x39,0x31,0x34,0x30,0x36,0x20,0x5a,0x20,0x4d,0x20,0x37,0x35,0x30,0x2e,0x34,0x36,
  0x34,0x38,0x34,0x34,0x20,0x34,0x32,0x30,0x2e,0x38,0x30,0x38,0x35,0x39,0x34,0x20,
  0x43,0x20,0x37,0x35,0x31,0x2e,0x34,0x38,0x38,0x32,0x38,0x31,0x20,0x34,0x31,0x37,
  0x2e,0x31,0x37,0x31,0x38,0x37,0x35,0x20,0x37,0x35,0x32,0x2e,0x30,0x35,0x34,0x36,
  0x38,0x38,0x20,0x34,0x31,0x31,0x2e,0x39,0x34,0x35,0x33,0x31,0x32,0x20,0x37,0x35,
  0x32,0x2e,0x30,0x35,0x34,0x36,0x38,0x38,0x20,0x34,0x30,0x35,0x2e,0x31,0x32,0x38,
  0x39,0x30,0x36,0x20,0x43,0x20,0x37,0x35,0x32,0x2e,0x30,0x35,0x34,0x36,0x38,0x38,
  0x20,0x33,0x39,0x37,0x2e,0x39,0x37,0x32,0x36,0x35,0x36,0x20,0x37,0x35,0x31,0x2e,
  0x34,0x38,0x38,0x32,0x38,0x31,0x20,0x33,0x39,0x32,0x2e,0x36,0x33,0x32,0x38,0x31,
  0x32,0x20,0x37,0x35,0x30,0x2e,0x34,0x36,0x34,0x38,0x34,0x34,0x20,0x33,0x38,0x39,
  0x2e,0x32,0x32,0x32,0x36,0x35,0x36,0x20,0x43,0x20,0x37,0x34,0x39,0x2e,0x34,0x34,
  0x31,0x34,0x30,0x36,0x20,0x33,0x38,0x35,0x2e,0x38,0x31,0x32,0x35,0x20,0x37,0x34,
  0x37,0x2e,0x31,0x36,0x37,0x39,0x36,0x39,0x20,0x33,0x38,0x34,0x2e,0x31,0x30,0x39,
  0x33,0x37,0x35,0x20,0x37,0x34,0x33,0x2e,0x36,0x34,0x38,0x34,0x33,0x38,0x20,0x33,
  0x38,0x34,0x2e,0x31,0x30,0x39,0x33,0x37,0x35,0x20,0x43,0x20,0x37,0x34,0x30,0x2e,
  0x32,0x33,0x38,0x32,0x38,0x31,0x20,0x33,0x38,0x34,0x2e,0x31,0x30,0x39,0x33,0x37,
  0x35,0x20,0x37,0x33,0x37,0x2e,0x38,0x35,0x31,0x35,0x36,0x32,0x20,0x33,0x38,0x35,
  0x2e,0x38,0x31,0x32,0x35,0x20,0x37,0x33,0x36,0x2e,0x37,0x31,0x34,0x38,0x34,0x34,
  0x20,0x33,0x38,0x39,0x2e,0x32,0x32,0x32,0x36,0x35,0x36,0x20,0x43,0x20,0x37,0x33,
  0x35,0x2e,0x35,0x38,0x32,0x30,0x33,0x31,0x20,0x33,0x39,0x32,0x2e,0x36,0x33,0x32,
  0x38,0x31,0x32,0x20,0x37,0x33,0x35,0x2e,0x30,0x31,0x31,0x37,0x31,0x39,0x20,0x33,
  0x39,0x37,0x2e,0x39,0x37,0x32,0x36,0x35,0x36,0x20,0x37,0x33,0x35,0x2e,0x30,0x31,
  0x31,0x37,0x31,0x39,0x20,0x34,0x30,0x35,0x2e,0x31,0x32,0x38,0x39,0x30,0x36,0x20,
  0x43,0x20,0x37,0x33,0x35,0x2e,0x30,0x31,0x31,0x37,0x31,0x39,0x20,0x34,0x31,0x31,
  0x2e,0x39,0x34,0x35,0x33,0x31,0x32,0x20,0x37,0x33,0x35,0x2e,0x35,0x38,0x32,0x30,
  0x33,0x31,0x20,0x34,0x31,0x37,0x2e,0x31,0x37,0x31,0x38,0x37,0x35,0x20,0x37,0x33,
  0x36,0x2e,0x37,0x31,0x34,0x38,0x34,0x34,0x20,0x34,0x32,0x30,0x2e,0x38,0x30,0x38,
  0x35,0x39,0x34,0x20,0x43,0x20,0x37,0x33,0x37,0x2e,0x38,0x35,0x31,0x35,0x36,0x32,
  0x20,0x34,0x32,0x34,0x2e,0x34,0x34,0x31,0x34,0x30,0x36,0x20,0x37,0x34,0x30,0x2e,
  0x31,0x32,0x35,0x20,0x34,0x32,0x36,0x2e,0x32,0x36,0x31,0x37,0x31,0x39,0x20,0x37,
  0x34,0x33,0x2e,0x36,0x34,0x38,0x34,0x33,0x38,0x20,0x34,0x32,0x36,0x2e,0x32,0x36,
  0x31,0x37,0x31,0x39,0x20,0x43,0x20,0x37,0x34,0x37,0x2e,0x30,0x35,0x34,0x36,0x38,
  0x38,0x20,0x34,0x32,0x36,0x2e,0x31,0x34,0x38,0x34,0x33,0x38,0x20,0x37,0x34,0x39,
  0x2e,0x33,0x32,0x38,0x31,0x32,0x35,0x20,0x34,0x32,0x34,0x2e,0x34,0x34,0x31,0x34,
  0x30,0x36,0x20,0x37,0x35,0x30,0x2e,0x34,0x36,0x34,0x38,0x34,0x34,0x20,0x34,0x32,
  0x30,0x2e,0x38,0x30,0x38,0x35,0x39,0x34,0x20,0x5a,0x20,0x4d,0x20,0x37,0x35,0x30,
  0x2e,0x34,0x36,0x34,0x38,0x34,0x34,0x20,0x34,0x32,0x30,0x2e,0x38,0x30,0x38,0x35,
  0x39,0x34,0x20,0x22,0x2f,0x3e,0x3c,0x2f,0x67,0x3e,0x3c,0x2f,0x73,0x76,0x67,0x3e,
  
    // 80.svg
  0x0,0x0,0x12,0xa9,
  0x3c,
  0x73,0x76,0x67,0x20,0x78,0x6d,0x6c,0x6e,0x73,0x3d,0x22,0x68,0x74,0x74,0x70,0x3a,
  0x2f,0x2f,0x77,0x77,0x77,0x2e,0x77,0x33,0x2e,0x6f,0x72,0x67,0x2f,0x32,0x30,0x30,
  0x30,0x2f,0x73,0x76,0x67,0x22,0x20,0x78,0x6d,0x6c,0x6e,0x73,0x3a,0x78,0x6c,0x69,
  0x6e,0x6b,0x3d,0x22,0x68,0x74,0x74,0x70,0x3a,0x2f,0x2f,0x77,0x77,0x77,0x2e,0x77,
  0x33,0x2e,0x6f,0x72,0x67,0x2f,0x31,0x39,0x39,0x39,0x2f,0x78,0x6c,0x69,0x6e,0x6b,
  0x22,0x20,0x77,0x69,0x64,0x74,0x68,0x3d,0x22,0x31,0x39,0x32,0x30,0x22,0x20,0x7a,
  0x6f,0x6f,0x6d,0x41,0x6e,0x64,0x50,0x61,0x6e,0x3d,0x22,0x6d,0x61,0x67,0x6e,0x69,
  0x66,0x79,0x22,0x20,0x76,0x69,0x65,0x77,0x42,0x6f,0x78,0x3d,0x22,0x30,0x20,0x30,
  0x20,0x31,0x34,0x34,0x30,0x20,0x38,0x30,0x39,0x2e,0x39,0x39,0x39,0x39,0x39,0x33,
  0x22,0x20,0x68,0x65,0x69,0x67,0x68,0x74,0x3d,0x22,0x31,0x30,0x38,0x30,0x22,0x20,
  0x70,0x72,0x65,0x73,0x65,0x72,0x76,0x65,0x41,0x73,0x70,0x65,0x63,0x74,0x52,0x61,
  0x74,0x69,0x6f,0x3d,0x22,0x78,0x4d,0x69,0x64,0x59,0x4d,0x69,0x64,0x20,0x6d,0x65,
  0x65,0x74,0x22,0x20,0x76,0x65,0x72,0x73,0x69,0x6f,0x6e,0x3d,0x22,0x31,0x2e,0x32,
  0x22,0x3e,0x3c,0x64,0x65,0x66,0x73,0x3e,0x3c,0x63,0x6c,0x69,0x70,0x50,0x61,0x74,
  0x68,0x20,0x69,0x64,0x3d,0x22,0x38,0x36,0x65,0x37,0x61,0x36,0x34,0x34,0x39,0x36,
  0x22,0x3e,0x3c,0x70,0x61,0x74,0x68,0x20,0x64,0x3d,0x22,0x4d,0x20,0x36,0x30,0x39,
  0x2e,0x31,0x32,0x35,0x20,0x32,0x39,0x34,0x2e,0x31,0x32,0x35,0x20,0x4c,0x20,0x38,
  0x33,0x31,0x2e,0x31,0x32,0x35,0x20,0x32,0x39,0x34,0x2e,0x31,0x32,0x35,0x20,0x4c,
  0x20,0x38,0x33,0x31,0x2e,0x31,0x32,0x35,0x20,0x35,0x31,0x36,0x2e,0x31,0x32,0x35,
  0x20,0x4c,0x20,0x36,0x30,0x39,0x2e,0x31,0x32,0x35,0x20,0x35,0x31,0x36,0x2e,0x31,
  0x32,0x35,0x20,0x5a,0x20,0x4d,0x20,0x36,0x30,0x39,0x2e,0x31,0x32,0x35,0x20,0x32,
  0x39,0x34,0x2e,0x31,0x32,0x35,0x20,0x22,0x2f,0x3e,0x3c,0x2f,0x63,0x6c,0x69,0x70,
  0x50,0x61,0x74,0x68,0x3e,0x3c,0x2f,0x64,0x65,0x66,0x73,0x3e,0x3c,0x67,0x20,0x69,
  0x64,0x3d,0x22,0x37,0x33,0x64,0x33,0x66,0x62,0x31,0x38,0x35,0x34,0x22,0x3e,0x3c,
  0x67,0x20,0x63,0x6c,0x69,0x70,0x2d,0x72,0x75,0x6c,0x65,0x3d,0x22,0x6e,0x6f,0x6e,
  0x7a,0x65,0x72,0x6f,0x22,0x20,0x63,0x6c,0x69,0x70,0x2d,0x70,0x61,0x74,0x68,0x3d,
  0x22,0x75,0x72,0x6c,0x28,0x23,0x38,0x36,0x65,0x37,0x61,0x36,0x34,0x34,0x39,0x36,
  0x29,0x22,0x3e,0x3c,0x70,0x61,0x74,0x68,0x20,0x73,0x74,0x79,0x6c,0x65,0x3d,0x22,
  0x20,0x73,0x74,0x72,0x6f,0x6b,0x65,0x3a,0x6e,0x6f,0x6e,0x65,0x3b,0x66,0x69,0x6c,
  0x6c,0x2d,0x72,0x75,0x6c,0x65,0x3a,0x6e,0x6f,0x6e,0x7a,0x65,0x72,0x6f,0x3b,0x66,
  0x69,0x6c,0x6c,0x3a,0x23,0x65,0x63,0x32,0x32,0x32,0x34,0x3b,0x66,0x69,0x6c,0x6c,
  0x2d,0x6f,0x70,0x61,0x63,0x69,0x74,0x79,0x3a,0x31,0x3b,0x22,0x20,0x64,0x3d,0x22,
  0x4d,0x20,0x36,0x30,0x39,0x2e,0x31,0x32,0x35,0x20,0x34,0x30,0x35,0x2e,0x31,0x32,
  0x38,0x39,0x30,0x36,0x20,0x43,0x20,0x36,0x30,0x39,0x2e,0x31,0x32,0x35,0x20,0x33,
  0x34,0x34,0x2e,0x30,0x30,0x33,0x39,0x30,0x36,0x20,0x36,0x35,0x38,0x2e,0x38,0x38,
  0x36,0x37,0x31,0x39,0x20,0x32,0x39,0x34,0x2e,0x31,0x32,0x35,0x20,0x37,0x32,0x30,
  0x2e,0x31,0x32,0x35,0x20,0x32,0x39,0x34,0x2e,0x31,0x32,0x35,0x20,0x43,0x20,0x37,
  0x38,0x31,0x2e,0x32,0x35,0x20,0x32,0x39,0x34,0x2e,0x31,0x32,0x35,0x20,0x38,0x33,
  0x31,0x2e,0x31,0x32,0x38,0x39,0x30,0x36,0x20,0x33,0x34,0x33,0x2e,0x38,0x39,0x30,
  0x36,0x32,0x35,0x20,0x38,0x33,0x31,0x2e,0x31,0x32,0x38,0x39,0x30,0x36,0x20,0x34,
  0x30,0x35,0x2e,0x31,0x32,0x38,0x39,0x30,0x36,0x20,0x43,0x20,0x38,0x33,0x31,0x2e,
  0x31,0x32,0x38,0x39,0x30,0x36,0x20,0x34,0x36,0x36,0x2e,0x33,0x36,0x37,0x31,0x38,
  0x38,0x20,0x37,0x38,0x31,0x2e,0x33,0x36,0x37,0x31,0x38,0x38,0x20,0x35,0x31,0x36,
  0x2e,0x31,0x33,0x32,0x38,0x31,0x32,0x20,0x37,0x32,0x30,0x2e,0x31,0x32,0x35,0x20,
  0x35,0x31,0x36,0x2e,0x31,0x33,0x32,0x38,0x31,0x32,0x20,0x43,0x20,0x36,0x35,0x38,
  0x2e,0x38,0x38,0x36,0x37,0x31,0x39,0x20,0x35,0x31,0x36,0x2e,0x30,0x31,0x35,0x36,
  0x32,0x35,0x20,0x36,0x30,0x39,0x2e,0x31,0x32,0x35,0x20,0x34,0x36,0x36,0x2e,0x32,
  0x35,0x33,0x39,0x30,0x36,0x20,0x36,0x30,0x39,0x2e,0x31,0x32,0x35,0x20,0x34,0x30,
  0x35,0x2e,0x31,0x32,0x38,0x39,0x30,0x36,0x20,0x5a,0x20,0x4d,0x20,0x36,0x30,0x39,
  0x2e,0x31,0x32,0x35,0x20,0x34,0x30,0x35,0x2e,0x31,0x32,0x38,0x39,0x30,0x36,0x20,
  0x22,0x2f,0x3e,0x3c,0x2f,0x67,0x3e,0x3c,0x70,0x61,0x74,0x68,0x20,0x73,0x74,0x79,
  0x6c,0x65,0x3d,0x22,0x20,0x73,0x74,0x72,0x6f,0x6b,0x65,0x3a,0x6e,0x6f,0x6e,0x65,
  0x3b,0x66,0x69,0x6c,0x6c,0x2d,0x72,0x75,0x6c,0x65,0x3a,0x65,0x76,0x65,0x6e,0x6f,
  0x64,0x64,0x3b,0x66,0x69,0x6c,0x6c,0x3a,0x23,0x66,0x66,0x66,0x66,0x66,0x66,0x3b,
  0x66,0x69,0x6c,0x6c,0x2d,0x6f,0x70,0x61,0x63,0x69,0x74,0x79,0x3a,0x31,0x3b,0x22,
  0x20,0x64,0x3d,0x22,0x4d,0x20,0x37,0x32,0x30,0x2e,0x31,0x32,0x35,0x20,0x34,0x39,
  0x32,0x2e,0x30,0x34,0x32,0x39,0x36,0x39,0x20,0x43,0x20,0x36,0x37,0x32,0x2e,0x31,
  0x37,0x39,0x36,0x38,0x38,0x20,0x34,0x39,0x32,0x2e,0x30,0x34,0x32,0x39,0x36,0x39,
  0x20,0x36,0x33,0x33,0x2e,0x30,0x39,0x37,0x36,0x35,0x36,0x20,0x34,0x35,0x32,0x2e,
  0x39,0x36,0x30,0x39,0x33,0x38,0x20,0x36,0x33,0x33,0x2e,0x30,0x39,0x37,0x36,0x35,
  0x36,0x20,0x34,0x30,0x35,0x2e,0x30,0x31,0x35,0x36,0x32,0x35,0x20,0x43,0x20,0x36,
  0x33,0x33,0x2e,0x30,0x39,0x37,0x36,0x35,0x36,0x20,0x33,0x35,0x37,0x2e,0x30,0x37,
  0x30,0x33,0x31,0x32,0x20,0x36,0x37,0x32,0x2e,0x31,0x37,0x39,0x36,0x38,0x38,0x20,
  0x33,0x31,0x37,0x2e,0x39,0x38,0x34,0x33,0x37,0x35,0x20,0x37,0x32,0x30,0x2e,0x31,
  0x32,0x35,0x20,0x33,0x31,0x37,0x2e,0x39,0x38,0x34,0x33,0x37,0x35,0x20,0x43,0x20,
  0x37,0x36,0x38,0x2e,0x30,0x37,0x30,0x33,0x31,0x32,0x20,0x33,0x31,0x37,0x2e,0x39,
  0x38,0x34,0x33,0x37,0x35,0x20,0x38,0x30,0x37,0x2e,0x31,0x35,0x36,0x32,0x35,0x20,
  0x33,0x35,0x37,0x2e,0x30,0x37,0x30,0x33,0x31,0x32,0x20,0x38,0x30,0x37,0x2e,0x31,
  0x35,0x36,0x32,0x35,0x20,0x34,0x30,0x35,0x2e,0x30,0x31,0x35,0x36,0x32,0x35,0x20,
  0x43,0x20,0x38,0x30,0x37,0x2e,0x30,0x34,0x32,0x39,0x36,0x39,0x20,0x34,0x35,0x33,
  0x2e,0x30,0x37,0x34,0x32,0x31,0x39,0x20,0x37,0x36,0x38,0x2e,0x30,0x37,0x30,0x33,
  0x31,0x32,0x20,0x34,0x39,0x32,0x2e,0x30,0x34,0x32,0x39,0x36,0x39,0x20,0x37,0x32,
  0x30,0x2e,0x31,0x32,0x35,0x20,0x34,0x39,0x32,0x2e,0x30,0x34,0x32,0x39,0x36,0x39,
  0x20,0x5a,0x20,0x4d,0x20,0x37,0x32,0x30,0x2e,0x31,0x32,0x35,0x20,0x34,0x39,0x32,
  0x2e,0x30,0x34,0x32,0x39,0x36,0x39,0x20,0x22,0x2f,0x3e,0x3c,0x70,0x61,0x74,0x68,
  0x20,0x73,0x74,0x79,0x6c,0x65,0x3d,0x22,0x20,0x73,0x74,0x72,0x6f,0x6b,0x65,0x3a,
  0x6e,0x6f,0x6e,0x65,0x3b,0x66,0x69,0x6c,0x6c,0x2d,0x72,0x75,0x6c,0x65,0x3a,0x6e,
  0x6f,0x6e,0x7a,0x65,0x72,0x6f,0x3b,0x66,0x69,0x6c,0x6c,0x3a,0x23,0x30,0x30,0x30,
  0x30,0x30,0x30,0x3b,0x66,0x69,0x6c,0x6c,0x2d,0x6f,0x70,0x61,0x63,0x69,0x74,0x79,
  0x3a,0x31,0x3b,0x22,0x20,0x64,0x3d,0x22,0x4d,0x20,0x36,0x38,0x31,0x2e,0x32,0x36,
  0x39,0x35,0x33,0x31,0x20,0x34,0x33,0x30,0x2e,0x34,0x36,0x34,0x38,0x34,0x34,0x20,
  0x43,0x20,0x36,0x37,0x37,0x2e,0x38,0x35,0x39,0x33,0x37,0x35,0x20,0x34,0x32,0x36,
  0x2e,0x39,0x34,0x31,0x34,0x30,0x36,0x20,0x36,0x37,0x36,0x2e,0x31,0x35,0x36,0x32,
  0x35,0x20,0x34,0x32,0x32,0x2e,0x37,0x33,0x38,0x32,0x38,0x31,0x20,0x36,0x37,0x36,
  0x2e,0x31,0x35,0x36,0x32,0x35,0x20,0x34,0x31,0x37,0x2e,0x37,0x33,0x38,0x32,0x38,
  0x31,0x20,0x43,0x20,0x36,0x37,0x36,0x2e,0x31,0x35,0x36,0x32,0x35,0x20,0x34,0x31,
  0x34,0x2e,0x34,0x34,0x35,0x33,0x31,0x32,0x20,0x36,0x37,0x36,0x2e,0x39,0x35,0x33,
  0x31,0x32,0x35,0x20,0x34,0x31,0x31,0x2e,0x33,0x37,0x38,0x39,0x30,0x36,0x20,0x36,
  0x37,0x38,0x2e,0x34,0x32,0x39,0x36,0x38,0x38,0x20,0x34,0x30,0x38,0x2e,0x36,0x35,
  0x32,0x33,0x34,0x34,0x20,0x43,0x20,0x36,0x37,0x39,0x2e,0x39,0x30,0x36,0x32,0x35,
  0x20,0x34,0x30,0x35,0x2e,0x39,0x32,0x35,0x37,0x38,0x31,0x20,0x36,0x38,0x32,0x2e,
  0x31,0x37,0x39,0x36,0x38,0x38,0x20,0x34,0x30,0x33,0x2e,0x38,0x37,0x38,0x39,0x30,
  0x36,0x20,0x36,0x38,0x35,0x2e,0x31,0x33,0x32,0x38,0x31,0x32,0x20,0x34,0x30,0x32,
  0x2e,0x35,0x31,0x35,0x36,0x32,0x35,0x20,0x43,0x20,0x36,0x38,0x32,0x2e,0x32,0x39,
  0x32,0x39,0x36,0x39,0x20,0x34,0x30,0x30,0x2e,0x35,0x38,0x35,0x39,0x33,0x38,0x20,
  0x36,0x38,0x30,0x2e,0x33,0x35,0x39,0x33,0x37,0x35,0x20,0x33,0x39,0x38,0x2e,0x35,
  0x33,0x39,0x30,0x36,0x32,0x20,0x36,0x37,0x39,0x2e,0x35,0x36,0x36,0x34,0x30,0x36,
  0x20,0x33,0x39,0x36,0x2e,0x32,0x36,0x35,0x36,0x32,0x35,0x20,0x43,0x20,0x36,0x37,
  0x38,0x2e,0x36,0x35,0x36,0x32,0x35,0x20,0x33,0x39,0x33,0x2e,0x39,0x39,0x36,0x30,
  0x39,0x34,0x20,0x36,0x37,0x38,0x2e,0x33,0x31,0x36,0x34,0x30,0x36,0x20,0x33,0x39,
  0x31,0x2e,0x39,0x34,0x39,0x32,0x31,0x39,0x20,0x36,0x37,0x38,0x2e,0x33,0x31,0x36,
  0x34,0x30,0x36,0x20,0x33,0x39,0x30,0x2e,0x30,0x31,0x39,0x35,0x33,0x31,0x20,0x43,
  0x20,0x36,0x37,0x38,0x2e,0x33,0x31,0x36,0x34,0x30,0x36,0x20,0x33,0x38,0x35,0x2e,
  0x36,0x39,0x39,0x32,0x31,0x39,0x20,0x36,0x37,0x39,0x2e,0x39,0x30,0x36,0x32,0x35,
  0x20,0x33,0x38,0x32,0x2e,0x30,0x36,0x36,0x34,0x30,0x36,0x20,0x36,0x38,0x33,0x2e,
  0x31,0x39,0x39,0x32,0x31,0x39,0x20,0x33,0x37,0x38,0x2e,0x39,0x39,0x36,0x30,0x39,
  0x34,0x20,0x43,0x20,0x36,0x38,0x36,0x2e,0x34,0x39,0x36,0x30,0x39,0x34,0x20,0x33,
  0x37,0x35,0x2e,0x39,0x32,0x39,0x36,0x38,0x38,0x20,0x36,0x39,0x31,0x2e,0x30,0x33,
  0x39,0x30,0x36,0x32,0x20,0x33,0x37,0x34,0x2e,0x34,0x35,0x33,0x31,0x32,0x35,0x20,
  0x36,0x39,0x36,0x2e,0x39,0x34,0x39,0x32,0x31,0x39,0x20,0x33,0x37,0x34,0x2e,0x34,
  0x35,0x33,0x31,0x32,0x35,0x20,0x43,0x20,0x37,0x30,0x32,0x2e,0x38,0x35,0x35,0x34,
  0x36,0x39,0x20,0x33,0x37,0x34,0x2e,0x34,0x35,0x33,0x31,0x32,0x35,0x20,0x37,0x30,
  0x37,0x2e,0x34,0x30,0x32,0x33,0x34,0x34,0x20,0x33,0x37,0x35,0x2e,0x39,0x32,0x39,
  0x36,0x38,0x38,0x20,0x37,0x31,0x30,0x2e,0x36,0x39,0x35,0x33,0x31,0x32,0x20,0x33,
  0x37,0x38,0x2e,0x39,0x39,0x36,0x30,0x39,0x34,0x20,0x43,0x20,0x37,0x31,0x33,0x2e,
  0x39,0x39,0x32,0x31,0x38,0x38,0x20,0x33,0x38,0x32,0x2e,0x30,0x36,0x36,0x34,0x30,
  0x36,0x20,0x37,0x31,0x35,0x2e,0x35,0x38,0x32,0x30,0x33,0x31,0x20,0x33,0x38,0x35,
  0x2e,0x36,0x39,0x39,0x32,0x31,0x39,0x20,0x37,0x31,0x35,0x2e,0x35,0x38,0x32,0x30,
  0x33,0x31,0x20,0x33,0x39,0x30,0x2e,0x30,0x31,0x39,0x35,0x33,0x31,0x20,0x43,0x20,
  0x37,0x31,0x35,0x2e,0x35,0x38,0x32,0x30,0x33,0x31,0x20,0x33,0x39,0x31,0x2e,0x39,
  0x34,0x39,0x32,0x31,0x39,0x20,0x37,0x31,0x35,0x2e,0x31,0x32,0x38,0x39,0x30,0x36,
  0x20,0x33,0x39,0x33,0x2e,0x39,0x39,0x36,0x30,0x39,0x34,0x20,0x37,0x31,0x34,0x2e,
  0x33,0x33,0x32,0x30,0x33,0x31,0x20,0x33,0x39,0x36,0x2e,0x32,0x36,0x35,0x36,0x32,
  0x35,0x20,0x43,0x20,0x37,0x31,0x33,0x2e,0x34,0x32,0x31,0x38,0x37,0x35,0x20,0x33,
  0x39,0x38,0x2e,0x35,0x33,0x39,0x30,0x36,0x32,0x20,0x37,0x31,0x31,0x2e,0x36,0x30,
  0x35,0x34,0x36,0x39,0x20,0x34,0x30,0x30,0x2e,0x34,0x36,0x38,0x37,0x35,0x20,0x37,
  0x30,0x38,0x2e,0x37,0x36,0x35,0x36,0x32,0x35,0x20,0x34,0x30,0x32,0x2e,0x30,0x36,
  0x32,0x35,0x20,0x43,0x20,0x37,0x31,0x31,0x2e,0x37,0x31,0x38,0x37,0x35,0x20,0x34,
  0x30,0x33,0x2e,0x36,0x35,0x32,0x33,0x34,0x34,0x20,0x37,0x31,0x33,0x2e,0x38,0x37,
  0x38,0x39,0x30,0x36,0x20,0x34,0x30,0x35,0x2e,0x38,0x30,0x38,0x35,0x39,0x34,0x20,
  0x37,0x31,0x35,0x2e,0x33,0x35,0x35,0x34,0x36,0x39,0x20,0x34,0x30,0x38,0x2e,0x35,
  0x33,0x39,0x30,0x36,0x32,0x20,0x43,0x20,0x37,0x31,0x36,0x2e,0x38,0x33,0x32,0x30,
  0x33,0x31,0x20,0x34,0x31,0x31,0x2e,0x32,0x36,0x35,0x36,0x32,0x35,0x20,0x37,0x31,
  0x37,0x2e,0x35,0x31,0x31,0x37,0x31,0x39,0x20,0x34,0x31,0x34,0x2e,0x32,0x31,0x38,
  0x37,0x35,0x20,0x37,0x31,0x37,0x2e,0x35,0x31,0x31,0x37,0x31,0x39,0x20,0x34,0x31,
  0x37,0x2e,0x36,0x32,0x35,0x20,0x43,0x20,0x37,0x31,0x37,0x2e,0x35,0x31,0x31,0x37,
  0x31,0x39,0x20,0x34,0x32,0x32,0x2e,0x36,0x32,0x35,0x20,0x37,0x31,0x35,0x2e,0x36,
  0x39,0x35,0x33,0x31,0x32,0x20,0x34,0x32,0x36,0x2e,0x38,0x32,0x38,0x31,0x32,0x35,
  0x20,0x37,0x31,0x31,0x2e,0x39,0x34,0x35,0x33,0x31,0x32,0x20,0x34,0x33,0x30,0x2e,
  0x33,0x35,0x31,0x35,0x36,0x32,0x20,0x43,0x20,0x37,0x30,0x38,0x2e,0x31,0x39,0x35,
  0x33,0x31,0x32,0x20,0x34,0x33,0x33,0x2e,0x38,0x37,0x35,0x20,0x37,0x30,0x33,0x2e,
  0x30,0x38,0x32,0x30,0x33,0x31,0x20,0x34,0x33,0x35,0x2e,0x35,0x37,0x38,0x31,0x32,
  0x35,0x20,0x36,0x39,0x36,0x2e,0x34,0x39,0x36,0x30,0x39,0x34,0x20,0x34,0x33,0x35,
  0x2e,0x35,0x37,0x38,0x31,0x32,0x35,0x20,0x43,0x20,0x36,0x38,0x39,0x2e,0x39,0x30,
  0x36,0x32,0x35,0x20,0x34,0x33,0x35,0x2e,0x35,0x37,0x38,0x31,0x32,0x35,0x20,0x36,
  0x38,0x34,0x2e,0x36,0x37,0x39,0x36,0x38,0x38,0x20,0x34,0x33,0x33,0x2e,0x39,0x38,
  0x38,0x32,0x38,0x31,0x20,0x36,0x38,0x31,0x2e,0x32,0x36,0x39,0x35,0x33,0x31,0x20,
  0x34,0x33,0x30,0x2e,0x34,0x36,0x34,0x38,0x34,0x34,0x20,0x5a,0x20,0x4d,0x20,0x36,
  0x38,0x38,0x2e,0x31,0x39,0x39,0x32,0x31,0x39,0x20,0x34,0x31,0x36,0x2e,0x39,0x34,
  0x35,0x33,0x31,0x32,0x20,0x43,0x20,0x36,0x38,0x38,0x2e,0x31,0x39,0x39,0x32,0x31,
  0x39,0x20,0x34,0x31,0x39,0x2e,0x38,0x39,0x38,0x34,0x33,0x38,0x20,0x36,0x38,0x38,
  0x2e,0x39,0x39,0x36,0x30,0x39,0x34,0x20,0x34,0x32,0x32,0x2e,0x31,0x37,0x31,0x38,
  0x37,0x35,0x20,0x36,0x39,0x30,0x2e,0x34,0x37,0x32,0x36,0x35,0x36,0x20,0x34,0x32,
  0x33,0x2e,0x37,0x36,0x31,0x37,0x31,0x39,0x20,0x43,0x20,0x36,0x39,0x31,0x2e,0x39,
  0x34,0x39,0x32,0x31,0x39,0x20,0x34,0x32,0x35,0x2e,0x33,0x35,0x31,0x35,0x36,0x32,
  0x20,0x36,0x39,0x34,0x2e,0x31,0x30,0x39,0x33,0x37,0x35,0x20,0x34,0x32,0x36,0x2e,
  0x31,0x34,0x38,0x34,0x33,0x38,0x20,0x36,0x39,0x36,0x2e,0x37,0x32,0x32,0x36,0x35,
  0x36,0x20,0x34,0x32,0x36,0x2e,0x31,0x34,0x38,0x34,0x33,0x38,0x20,0x43,0x20,0x36,
  0x39,0x39,0x2e,0x33,0x33,0x35,0x39,0x33,0x38,0x20,0x34,0x32,0x36,0x2e,0x31,0x34,
  0x38,0x34,0x33,0x38,0x20,0x37,0x30,0x31,0x2e,0x34,0x39,0x32,0x31,0x38,0x38,0x20,
  0x34,0x32,0x35,0x2e,0x33,0x35,0x31,0x35,0x36,0x32,0x20,0x37,0x30,0x32,0x2e,0x39,
  0x36,0x38,0x37,0x35,0x20,0x34,0x32,0x33,0x2e,0x37,0x36,0x31,0x37,0x31,0x39,0x20,
  0x43,0x20,0x37,0x30,0x34,0x2e,0x34,0x34,0x35,0x33,0x31,0x32,0x20,0x34,0x32,0x32,
  0x2e,0x31,0x37,0x31,0x38,0x37,0x35,0x20,0x37,0x30,0x35,0x2e,0x32,0x34,0x32,0x31,
  0x38,0x38,0x20,0x34,0x31,0x39,0x2e,0x38,0x39,0x38,0x34,0x33,0x38,0x20,0x37,0x30,
  0x35,0x2e,0x32,0x34,0x32,0x31,0x38,0x38,0x20,0x34,0x31,0x36,0x2e,0x39,0x34,0x35,
  0x33,0x31,0x32,0x20,0x43,0x20,0x37,0x30,0x35,0x2e,0x32,0x34,0x32,0x31,0x38,0x38,
  0x20,0x34,0x31,0x33,0x2e,0x38,0x37,0x38,0x39,0x30,0x36,0x20,0x37,0x30,0x34,0x2e,
  0x34,0x34,0x35,0x33,0x31,0x32,0x20,0x34,0x31,0x31,0x2e,0x36,0x30,0x35,0x34,0x36,
  0x39,0x20,0x37,0x30,0x32,0x2e,0x39,0x36,0x38,0x37,0x35,0x20,0x34,0x31,0x30,0x2e,
  0x30,0x31,0x35,0x36,0x32,0x35,0x20,0x43,0x20,0x37,0x30,0x31,0x2e,0x33,0x37,0x38,
  0x39,0x30,0x36,0x20,0x34,0x30,0x38,0x2e,0x34,0x32,0x31,0x38,0x37,0x35,0x20,0x36,
  0x39,0x39,0x2e,0x33,0x33,0x35,0x39,0x33,0x38,0x20,0x34,0x30,0x37,0x2e,0x36,0x32,
  0x38,0x39,0x30,0x36,0x20,0x36,0x39,0x36,0x2e,0x37,0x32,0x32,0x36,0x35,0x36,0x20,
  0x34,0x30,0x37,0x2e,0x36,0x32,0x38,0x39,0x30,0x36,0x20,0x43,0x20,0x36,0x39,0x34,
  0x2e,0x31,0x30,0x39,0x33,0x37,0x35,0x20,0x34,0x30,0x37,0x2e,0x36,0x32,0x38,0x39,
  0x30,0x36,0x20,0x36,0x39,0x32,0x2e,0x30,0x36,0x32,0x35,0x20,0x34,0x30,0x38,0x2e,
  0x34,0x32,0x31,0x38,0x37,0x35,0x20,0x36,0x39,0x30,0x2e,0x34,0x37,0x32,0x36,0x35,
  0x36,0x20,0x34,0x31,0x30,0x2e,0x30,0x31,0x35,0x36,0x32,0x35,0x20,0x43,0x20,0x36,
  0x38,0x38,0x2e,0x39,0x39,0x36,0x30,0x39,0x34,0x20,0x34,0x31,0x31,0x2e,0x36,0x30,
  0x35,0x34,0x36,0x39,0x20,0x36,0x38,0x38,0x2e,0x31,0x39,0x39,0x32,0x31,0x39,0x20,
  0x34,0x31,0x33,0x2e,0x38,0x37,0x38,0x39,0x30,0x36,0x20,0x36,0x38,0x38,0x2e,0x31,
  0x39,0x39,0x32,0x31,0x39,0x20,0x34,0x31,0x36,0x2e,0x39,0x34,0x35,0x33,0x31,0x32,
  0x20,0x5a,0x20,0x4d,0x20,0x36,0x39,0x31,0x2e,0x32,0x36,0x39,0x35,0x33,0x31,0x20,
  0x33,0x39,0x36,0x2e,0x37,0x32,0x32,0x36,0x35,0x36,0x20,0x43,0x20,0x36,0x39,0x32,
  0x2e,0x36,0x33,0x32,0x38,0x31,0x32,0x20,0x33,0x39,0x38,0x2e,0x30,0x38,0x35,0x39,
  0x33,0x38,0x20,0x36,0x39,0x34,0x2e,0x34,0x34,0x39,0x32,0x31,0x39,0x20,0x33,0x39,
  0x38,0x2e,0x37,0x36,0x35,0x36,0x32,0x35,0x20,0x36,0x39,0x36,0x2e,0x37,0x32,0x32,
  0x36,0x35,0x36,0x20,0x33,0x39,0x38,0x2e,0x37,0x36,0x35,0x36,0x32,0x35,0x20,0x43,
  0x20,0x36,0x39,0x39,0x2e,0x31,0x30,0x35,0x34,0x36,0x39,0x20,0x33,0x39,0x38,0x2e,
  0x37,0x36,0x35,0x36,0x32,0x35,0x20,0x37,0x30,0x30,0x2e,0x39,0x32,0x35,0x37,0x38,
  0x31,0x20,0x33,0x39,0x38,0x2e,0x30,0x38,0x35,0x39,0x33,0x38,0x20,0x37,0x30,0x32,
  0x2e,0x31,0x37,0x35,0x37,0x38,0x31,0x20,0x33,0x39,0x36,0x2e,0x37,0x32,0x32,0x36,
  0x35,0x36,0x20,0x43,0x20,0x37,0x30,0x33,0x2e,0x34,0x32,0x35,0x37,0x38,0x31,0x20,
  0x33,0x39,0x35,0x2e,0x33,0x35,0x39,0x33,0x37,0x35,0x20,0x37,0x30,0x34,0x2e,0x31,
  0x30,0x35,0x34,0x36,0x39,0x20,0x33,0x39,0x33,0x2e,0x36,0x35,0x32,0x33,0x34,0x34,
  0x20,0x37,0x30,0x34,0x2e,0x31,0x30,0x35,0x34,0x36,0x39,0x20,0x33,0x39,0x31,0x2e,
  0x34,0x39,0x36,0x30,0x39,0x34,0x20,0x43,0x20,0x37,0x30,0x34,0x2e,0x31,0x30,0x35,
  0x34,0x36,0x39,0x20,0x33,0x38,0x39,0x2e,0x31,0x30,0x39,0x33,0x37,0x35,0x20,0x37,
  0x30,0x33,0x2e,0x34,0x32,0x35,0x37,0x38,0x31,0x20,0x33,0x38,0x37,0x2e,0x32,0x38,
  0x39,0x30,0x36,0x32,0x20,0x37,0x30,0x32,0x2e,0x31,0x37,0x35,0x37,0x38,0x31,0x20,
  0x33,0x38,0x36,0x2e,0x30,0x34,0x32,0x39,0x36,0x39,0x20,0x43,0x20,0x37,0x30,0x30,
  0x2e,0x39,0x32,0x35,0x37,0x38,0x31,0x20,0x33,0x38,0x34,0x2e,0x36,0x37,0x39,0x36,
  0x38,0x38,0x20,0x36,0x39,0x38,0x2e,0x39,0x39,0x32,0x31,0x38,0x38,0x20,0x33,0x38,
  0x34,0x2e,0x31,0x30,0x39,0x33,0x37,0x35,0x20,0x36,0x39,0x36,0x2e,0x37,0x32,0x32,
  0x36,0x35,0x36,0x20,0x33,0x38,0x34,0x2e,0x31,0x30,0x39,0x33,0x37,0x35,0x20,0x43,
  0x20,0x36,0x39,0x34,0x2e,0x33,0x33,0x35,0x39,0x33,0x38,0x20,0x33,0x38,0x34,0x2e,
  0x31,0x30,0x39,0x33,0x37,0x35,0x20,0x36,0x39,0x32,0x2e,0x35,0x31,0x39,0x35,0x33,
  0x31,0x20,0x33,0x38,0x34,0x2e,0x37,0x39,0x32,0x39,0x36,0x39,0x20,0x36,0x39,0x31,
  0x2e,0x32,0x36,0x39,0x35,0x33,0x31,0x20,0x33,0x38,0x36,0x2e,0x30,0x34,0x32,0x39,
  0x36,0x39,0x20,0x43,0x20,0x36,0x38,0x39,0x2e,0x39,0x30,0x36,0x32,0x35,0x20,0x33,
  0x38,0x37,0x2e,0x34,0x30,0x36,0x32,0x35,0x20,0x36,0x38,0x39,0x2e,0x33,0x33,0x35,
  0x39,0x33,0x38,0x20,0x33,0x38,0x39,0x2e,0x32,0x32,0x32,0x36,0x35,0x36,0x20,0x36,
  0x38,0x39,0x2e,0x33,0x33,0x35,0x39,0x33,0x38,0x20,0x33,0x39,0x31,0x2e,0x34,0x39,
  0x36,0x30,0x39,0x34,0x20,0x43,0x20,0x36,0x38,0x39,0x2e,0x33,0x33,0x35,0x39,0x33,
  0x38,0x20,0x33,0x39,0x33,0x2e,0x36,0x35,0x32,0x33,0x34,0x34,0x20,0x36,0x39,0x30,
  0x2e,0x30,0x31,0x39,0x35,0x33,0x31,0x20,0x33,0x39,0x35,0x2e,0x33,0x35,0x39,0x33,
  0x37,0x35,0x20,0x36,0x39,0x31,0x2e,0x32,0x36,0x39,0x35,0x33,0x31,0x20,0x33,0x39,
  0x36,0x2e,0x37,0x32,0x32,0x36,0x35,0x36,0x20,0x5a,0x20,0x4d,0x20,0x36,0x39,0x31,
  0x2e,0x32,0x36,0x39,0x35,0x33,0x31,0x20,0x33,0x39,0x36,0x2e,0x37,0x32,0x32,0x36,
  0x35,0x36,0x20,0x22,0x2f,0x3e,0x3c,0x70,0x61,0x74,0x68,0x20,0x73,0x74,0x79,0x6c,
  0x65,0x3d,0x22,0x20,0x73,0x74,0x72,0x6f,0x6b,0x65,0x3a,0x6e,0x6f,0x6e,0x65,0x3b,
  0x66,0x69,0x6c,0x6c,0x2d,0x72,0x75,0x6c,0x65,0x3a,0x6e,0x6f,0x6e,0x7a,0x65,0x72,
  0x6f,0x3b,0x66,0x69,0x6c,0x6c,0x3a,0x23,0x30,0x30,0x30,0x30,0x30,0x30,0x3b,0x66,
  0x69,0x6c,0x6c,0x2d,0x6f,0x70,0x61,0x63,0x69,0x74,0x79,0x3a,0x31,0x3b,0x22,0x20,
  0x64,0x3d,0x22,0x4d,0x20,0x37,0x34,0x33,0x2e,0x36,0x34,0x34,0x35,0x33,0x31,0x20,
  0x34,0x33,0x35,0x2e,0x36,0x39,0x31,0x34,0x30,0x36,0x20,0x43,0x20,0x37,0x33,0x36,
  0x2e,0x30,0x33,0x31,0x32,0x35,0x20,0x34,0x33,0x35,0x2e,0x36,0x39,0x31,0x34,0x30,
  0x36,0x20,0x37,0x33,0x30,0x2e,0x38,0x30,0x34,0x36,0x38,0x38,0x20,0x34,0x33,0x33,
  0x2e,0x30,0x37,0x38,0x31,0x32,0x35,0x20,0x37,0x32,0x37,0x2e,0x37,0x33,0x38,0x32,
  0x38,0x31,0x20,0x34,0x32,0x37,0x2e,0x37,0x33,0x38,0x32,0x38,0x31,0x20,0x43,0x20,
  0x37,0x32,0x34,0x2e,0x36,0x37,0x31,0x38,0x37,0x35,0x20,0x34,0x32,0x32,0x2e,0x33,
  0x39,0x38,0x34,0x33,0x38,0x20,0x37,0x32,0x33,0x2e,0x31,0x39,0x35,0x33,0x31,0x32,
  0x20,0x34,0x31,0x34,0x2e,0x38,0x39,0x38,0x34,0x33,0x38,0x20,0x37,0x32,0x33,0x2e,
  0x31,0x39,0x35,0x33,0x31,0x32,0x20,0x34,0x30,0x35,0x2e,0x31,0x32,0x38,0x39,0x30,
  0x36,0x20,0x43,0x20,0x37,0x32,0x33,0x2e,0x31,0x39,0x35,0x33,0x31,0x32,0x20,0x33,
  0x39,0x35,0x2e,0x33,0x35,0x39,0x33,0x37,0x35,0x20,0x37,0x32,0x34,0x2e,0x36,0x37,
  0x31,0x38,0x37,0x35,0x20,0x33,0x38,0x37,0x2e,0x37,0x34,0x36,0x30,0x39,0x34,0x20,
  0x37,0x32,0x37,0x2e,0x37,0x33,0x38,0x32,0x38,0x31,0x20,0x33,0x38,0x32,0x2e,0x34,
  0x30,0x36,0x32,0x35,0x20,0x43,0x20,0x37,0x33,0x30,0x2e,0x38,0x30,0x34,0x36,0x38,
  0x38,0x20,0x33,0x37,0x37,0x2e,0x30,0x36,0x36,0x34,0x30,0x36,0x20,0x37,0x33,0x36,
  0x2e,0x30,0x33,0x31,0x32,0x35,0x20,0x33,0x37,0x34,0x2e,0x34,0x35,0x33,0x31,0x32,
  0x35,0x20,0x37,0x34,0x33,0x2e,0x36,0x34,0x34,0x35,0x33,0x31,0x20,0x33,0x37,0x34,
  0x2e,0x34,0x35,0x33,0x31,0x32,0x35,0x20,0x43,0x20,0x37,0x35,0x31,0x2e,0x32,0x35,
  0x37,0x38,0x31,0x32,0x20,0x33,0x37,0x34,0x2e,0x34,0x35,0x33,0x31,0x32,0x35,0x20,
  0x37,0x35,0x36,0x2e,0x34,0x38,0x34,0x33,0x37,0x35,0x20,0x33,0x37,0x37,0x2e,0x30,
  0x36,0x36,0x34,0x30,0x36,0x20,0x37,0x35,0x39,0x2e,0x35,0x35,0x30,0x37,0x38,0x31,
  0x20,0x33,0x38,0x32,0x2e,0x34,0x30,0x36,0x32,0x35,0x20,0x43,0x20,0x37,0x36,0x32,
  0x2e,0x36,0x31,0x37,0x31,0x38,0x38,0x20,0x33,0x38,0x37,0x2e,0x37,0x34,0x36,0x30,
  0x39,0x34,0x20,0x37,0x36,0x34,0x2e,0x30,0x39,0x37,0x36,0x35,0x36,0x20,0x33,0x39,
  0x35,0x2e,0x32,0x34,0x32,0x31,0x38,0x38,0x20,0x37,0x36,0x34,0x2e,0x30,0x39,0x37,
  0x36,0x35,0x36,0x20,0x34,0x30,0x35,0x2e,0x31,0x32,0x38,0x39,0x30,0x36,0x20,0x43,
  0x20,0x37,0x36,0x34,0x2e,0x30,0x39,0x37,0x36,0x35,0x36,0x20,0x34,0x31,0x34,0x2e,
  0x38,0x39,0x38,0x34,0x33,0x38,0x20,0x37,0x36,0x32,0x2e,0x36,0x31,0x37,0x31,0x38,
  0x38,0x20,0x34,0x32,0x32,0x2e,0x35,0x31,0x31,0x37,0x31,0x39,0x20,0x37,0x35,0x39,
  0x2e,0x35,0x35,0x30,0x37,0x38,0x31,0x20,0x34,0x32,0x37,0x2e,0x37,0x33,0x38,0x32,
  0x38,0x31,0x20,0x43,0x20,0x37,0x35,0x36,0x2e,0x34,0x38,0x34,0x33,0x37,0x35,0x20,
  0x34,0x33,0x32,0x2e,0x39,0x36,0x34,0x38,0x34,0x34,0x20,0x37,0x35,0x31,0x2e,0x31,
  0x34,0x34,0x35,0x33,0x31,0x20,0x34,0x33,0x35,0x2e,0x36,0x39,0x31,0x34,0x30,0x36,
  0x20,0x37,0x34,0x33,0x2e,0x36,0x34,0x34,0x35,0x33,0x31,0x20,0x34,0x33,0x35,0x2e,
  0x36,0x39,0x31,0x34,0x30,0x36,0x20,0x5a,0x20,0x4d,0x20,0x37,0x35,0x30,0x2e,0x34,
  0x36,0x30,0x39,0x33,0x38,0x20,0x34,0x32,0x30,0x2e,0x36,0x39,0x35,0x33,0x31,0x32,
  0x20,0x43,0x20,0x37,0x35,0x31,0x2e,0x34,0x38,0x34,0x33,0x37,0x35,0x20,0x34,0x31,
  0x37,0x2e,0x30,0x35,0x38,0x35,0x39,0x34,0x20,0x37,0x35,0x32,0x2e,0x30,0x35,0x30,
  0x37,0x38,0x31,0x20,0x34,0x31,0x31,0x2e,0x38,0x33,0x32,0x30,0x33,0x31,0x20,0x37,
  0x35,0x32,0x2e,0x30,0x35,0x30,0x37,0x38,0x31,0x20,0x34,0x30,0x35,0x2e,0x30,0x31,
  0x35,0x36,0x32,0x35,0x20,0x43,0x20,0x37,0x35,0x32,0x2e,0x30,0x35,0x30,0x37,0x38,
  0x31,0x20,0x33,0x39,0x37,0x2e,0x38,0x35,0x35,0x34,0x36,0x39,0x20,0x37,0x35,0x31,
  0x2e,0x34,0x38,0x34,0x33,0x37,0x35,0x20,0x33,0x39,0x32,0x2e,0x35,0x31,0x35,0x36,
  0x32,0x35,0x20,0x37,0x35,0x30,0x2e,0x34,0x36,0x30,0x39,0x33,0x38,0x20,0x33,0x38,
  0x39,0x2e,0x31,0x30,0x39,0x33,0x37,0x35,0x20,0x43,0x20,0x37,0x34,0x39,0x2e,0x34,
  0x34,0x31,0x34,0x30,0x36,0x20,0x33,0x38,0x35,0x2e,0x36,0x39,0x39,0x32,0x31,0x39,
  0x20,0x37,0x34,0x37,0x2e,0x31,0x36,0x37,0x39,0x36,0x39,0x20,0x33,0x38,0x33,0x2e,
  0x39,0x39,0x36,0x30,0x39,0x34,0x20,0x37,0x34,0x33,0x2e,0x36,0x34,0x34,0x35,0x33,
  0x31,0x20,0x33,0x38,0x33,0x2e,0x39,0x39,0x36,0x30,0x39,0x34,0x20,0x43,0x20,0x37,
  0x34,0x30,0x2e,0x31,0x32,0x31,0x30,0x39,0x34,0x20,0x33,0x38,0x33,0x2e,0x39,0x39,
  0x36,0x30,0x39,0x34,0x20,0x37,0x33,0x37,0x2e,0x38,0x35,0x31,0x35,0x36,0x32,0x20,
  0x33,0x38,0x35,0x2e,0x36,0x39,0x39,0x32,0x31,0x39,0x20,0x37,0x33,0x36,0x2e,0x37,
  0x31,0x34,0x38,0x34,0x34,0x20,0x33,0x38,0x39,0x2e,0x31,0x30,0x39,0x33,0x37,0x35,
  0x20,0x43,0x20,0x37,0x33,0x35,0x2e,0x35,0x37,0x38,0x31,0x32,0x35,0x20,0x33,0x39,
  0x32,0x2e,0x35,0x31,0x35,0x36,0x32,0x35,0x20,0x37,0x33,0x35,0x2e,0x30,0x31,0x31,
  0x37,0x31,0x39,0x20,0x33,0x39,0x37,0x2e,0x38,0x35,0x35,0x34,0x36,0x39,0x20,0x37,
  0x33,0x35,0x2e,0x30,0x31,0x31,0x37,0x31,0x39,0x20,0x34,0x30,0x35,0x2e,0x30,0x31,
  0x35,0x36,0x32,0x35,0x20,0x43,0x20,0x37,0x33,0x35,0x2e,0x30,0x31,0x31,0x37,0x31,
  0x39,0x20,0x34,0x31,0x31,0x2e,0x38,0x33,0x32,0x30,0x33,0x31,0x20,0x37,0x33,0x35,
  0x2e,0x35,0x37,0x38,0x31,0x32,0x35,0x20,0x34,0x31,0x37,0x2e,0x30,0x35,0x38,0x35,
  0x39,0x34,0x20,0x37,0x33,0x36,0x2e,0x37,0x31,0x34,0x38,0x34,0x34,0x20,0x34,0x32,
  0x30,0x2e,0x36,0x39,0x35,0x33,0x31,0x32,0x20,0x43,0x20,0x37,0x33,0x37,0x2e,0x38,
  0x35,0x31,0x35,0x36,0x32,0x20,0x34,0x32,0x34,0x2e,0x33,0x32,0x38,0x31,0x32,0x35,
  0x20,0x37,0x34,0x30,0x2e,0x31,0x32,0x31,0x30,0x39,0x34,0x20,0x34,0x32,0x36,0x2e,
  0x31,0x34,0x38,0x34,0x33,0x38,0x20,0x37,0x34,0x33,0x2e,0x36,0x34,0x34,0x35,0x33,
  0x31,0x20,0x34,0x32,0x36,0x2e,0x31,0x34,0x38,0x34,0x33,0x38,0x20,0x43,0x20,0x37,
  0x34,0x37,0x2e,0x31,0x36,0x37,0x39,0x36,0x39,0x20,0x34,0x32,0x36,0x2e,0x31,0x34,
  0x38,0x34,0x33,0x38,0x20,0x37,0x34,0x39,0x2e,0x33,0x32,0x34,0x32,0x31,0x39,0x20,
  0x34,0x32,0x34,0x2e,0x33,0x32,0x38,0x31,0x32,0x35,0x20,0x37,0x35,0x30,0x2e,0x34,
  0x36,0x30,0x39,0x33,0x38,0x20,0x34,0x32,0x30,0x2e,0x36,0x39,0x35,0x33,0x31,0x32,
  0x20,0x5a,0x20,0x4d,0x20,0x37,0x35,0x30,0x2e,0x34,0x36,0x30,0x39,0x33,0x38,0x20,
  0x34,0x32,0x30,0x2e,0x36,0x39,0x35,0x33,0x31,0x32,0x20,0x22,0x2f,0x3e,0x3c,0x2f,
  0x67,0x3e,0x3c,0x2f,0x73,0x76,0x67,0x3e,
    // 20.svg
  0x0,0x0,0xe,0xb4,
  0x3c,
  0x73,0x76,0x67,0x20,0x78,0x6d,0x6c,0x6e,0x73,0x3d,0x22,0x68,0x74,0x74,0x70,0x3a,
  0x2f,0x2f,0x77,0x77,0x77,0x2e,0x77,0x33,0x2e,0x6f,0x72,0x67,0x2f,0x32,0x30,0x30,
  0x30,0x2f,0x73,0x76,0x67,0x22,0x20,0x78,0x6d,0x6c,0x6e,0x73,0x3a,0x78,0x6c,0x69,
  0x6e,0x6b,0x3d,0x22,0x68,0x74,0x74,0x70,0x3a,0x2f,0x2f,0x77,0x77,0x77,0x2e,0x77,
  0x33,0x2e,0x6f,0x72,0x67,0x2f,0x31,0x39,0x39,0x39,0x2f,0x78,0x6c,0x69,0x6e,0x6b,
  0x22,0x20,0x77,0x69,0x64,0x74,0x68,0x3d,0x22,0x31,0x39,0x32,0x30,0x22,0x20,0x7a,
  0x6f,0x6f,0x6d,0x41,0x6e,0x64,0x50,0x61,0x6e,0x3d,0x22,0x6d,0x61,0x67,0x6e,0x69,
  0x66,0x79,0x22,0x20,0x76,0x69,0x65,0x77,0x42,0x6f,0x78,0x3d,0x22,0x30,0x20,0x30,
  0x20,0x31,0x34,0x34,0x30,0x20,0x38,0x30,0x39,0x2e,0x39,0x39,0x39,0x39,0x39,0x33,
  0x22,0x20,0x68,0x65,0x69,0x67,0x68,0x74,0x3d,0x22,0x31,0x30,0x38,0x30,0x22,0x20,
  0x70,0x72,0x65,0x73,0x65,0x72,0x76,0x65,0x41,0x73,0x70,0x65,0x63,0x74,0x52,0x61,
  0x74,0x69,0x6f,0x3d,0x22,0x78,0x4d,0x69,0x64,0x59,0x4d,0x69,0x64,0x20,0x6d,0x65,
  0x65,0x74,0x22,0x20,0x76,0x65,0x72,0x73,0x69,0x6f,0x6e,0x3d,0x22,0x31,0x2e,0x32,
  0x22,0x3e,0x3c,0x64,0x65,0x66,0x73,0x3e,0x3c,0x63,0x6c,0x69,0x70,0x50,0x61,0x74,
  0x68,0x20,0x69,0x64,0x3d,0x22,0x65,0x39,0x39,0x64,0x31,0x31,0x64,0x65,0x38,0x34,
  0x22,0x3e,0x3c,0x70,0x61,0x74,0x68,0x20,0x64,0x3d,0x22,0x4d,0x20,0x36,0x30,0x39,
  0x2e,0x31,0x32,0x35,0x20,0x32,0x39,0x34,0x2e,0x31,0x32,0x35,0x20,0x4c,0x20,0x38,
  0x33,0x31,0x2e,0x31,0x32,0x35,0x20,0x32,0x39,0x34,0x2e,0x31,0x32,0x35,0x20,0x4c,
  0x20,0x38,0x33,0x31,0x2e,0x31,0x32,0x35,0x20,0x35,0x31,0x36,0x2e,0x31,0x32,0x35,
  0x20,0x4c,0x20,0x36,0x30,0x39,0x2e,0x31,0x32,0x35,0x20,0x35,0x31,0x36,0x2e,0x31,
  0x32,0x35,0x20,0x5a,0x20,0x4d,0x20,0x36,0x30,0x39,0x2e,0x31,0x32,0x35,0x20,0x32,
  0x39,0x34,0x2e,0x31,0x32,0x35,0x20,0x22,0x2f,0x3e,0x3c,0x2f,0x63,0x6c,0x69,0x70,
  0x50,0x61,0x74,0x68,0x3e,0x3c,0x2f,0x64,0x65,0x66,0x73,0x3e,0x3c,0x67,0x20,0x69,
  0x64,0x3d,0x22,0x66,0x39,0x66,0x63,0x34,0x33,0x33,0x38,0x39,0x63,0x22,0x3e,0x3c,
  0x67,0x20,0x63,0x6c,0x69,0x70,0x2d,0x72,0x75,0x6c,0x65,0x3d,0x22,0x6e,0x6f,0x6e,
  0x7a,0x65,0x72,0x6f,0x22,0x20,0x63,0x6c,0x69,0x70,0x2d,0x70,0x61,0x74,0x68,0x3d,
  0x22,0x75,0x72,0x6c,0x28,0x23,0x65,0x39,0x39,0x64,0x31,0x31,0x64,0x65,0x38,0x34,
  0x29,0x22,0x3e,0x3c,0x70,0x61,0x74,0x68,0x20,0x73,0x74,0x79,0x6c,0x65,0x3d,0x22,
  0x20,0x73,0x74,0x72,0x6f,0x6b,0x65,0x3a,0x6e,0x6f,0x6e,0x65,0x3b,0x66,0x69,0x6c,
  0x6c,0x2d,0x72,0x75,0x6c,0x65,0x3a,0x6e,0x6f,0x6e,0x7a,0x65,0x72,0x6f,0x3b,0x66,
  0x69,0x6c,0x6c,0x3a,0x23,0x65,0x63,0x32,0x32,0x32,0x34,0x3b,0x66,0x69,0x6c,0x6c,
  0x2d,0x6f,0x70,0x61,0x63,0x69,0x74,0x79,0x3a,0x31,0x3b,0x22,0x20,0x64,0x3d,0x22,
  0x4d,0x20,0x36,0x30,0x39,0x2e,0x31,0x32,0x35,0x20,0x34,0x30,0x35,0x2e,0x31,0x32,
  0x38,0x39,0x30,0x36,0x20,0x43,0x20,0x36,0x30,0x39,0x2e,0x31,0x32,0x35,0x20,0x33,
  0x34,0x33,0x2e,0x38,0x39,0x30,0x36,0x32,0x35,0x20,0x36,0x35,0x38,0x2e,0x38,0x38,
  0x36,0x37,0x31,0x39,0x20,0x32,0x39,0x34,0x2e,0x31,0x32,0x35,0x20,0x37,0x32,0x30,
  0x2e,0x31,0x32,0x35,0x20,0x32,0x39,0x34,0x2e,0x31,0x32,0x35,0x20,0x43,0x20,0x37,
  0x38,0x31,0x2e,0x32,0x35,0x20,0x32,0x39,0x34,0x2e,0x31,0x32,0x35,0x20,0x38,0x33,
  0x31,0x2e,0x31,0x32,0x38,0x39,0x30,0x36,0x20,0x33,0x34,0x33,0x2e,0x38,0x39,0x30,
  0x36,0x32,0x35,0x20,0x38,0x33,0x31,0x2e,0x31,0x32,0x38,0x39,0x30,0x36,0x20,0x34,
  0x30,0x35,0x2e,0x31,0x32,0x38,0x39,0x30,0x36,0x20,0x43,0x20,0x38,0x33,0x31,0x2e,
  0x31,0x32,0x38,0x39,0x30,0x36,0x20,0x34,0x36,0x36,0x2e,0x33,0x36,0x37,0x31,0x38,
  0x38,0x20,0x37,0x38,0x31,0x2e,0x33,0x36,0x33,0x32,0x38,0x31,0x20,0x35,0x31,0x36,
  0x2e,0x31,0x33,0x32,0x38,0x31,0x32,0x20,0x37,0x32,0x30,0x2e,0x31,0x32,0x35,0x20,
  0x35,0x31,0x36,0x2e,0x31,0x33,0x32,0x38,0x31,0x32,0x20,0x43,0x20,0x36,0x35,0x38,
  0x2e,0x38,0x38,0x36,0x37,0x31,0x39,0x20,0x35,0x31,0x36,0x2e,0x30,0x31,0x35,0x36,
  0x32,0x35,0x20,0x36,0x30,0x39,0x2e,0x31,0x32,0x35,0x20,0x34,0x36,0x36,0x2e,0x32,
  0x35,0x33,0x39,0x30,0x36,0x20,0x36,0x30,0x39,0x2e,0x31,0x32,0x35,0x20,0x34,0x30,
  0x35,0x2e,0x31,0x32,0x38,0x39,0x30,0x36,0x20,0x5a,0x20,0x4d,0x20,0x36,0x30,0x39,
  0x2e,0x31,0x32,0x35,0x20,0x34,0x30,0x35,0x2e,0x31,0x32,0x38,0x39,0x30,0x36,0x20,
  0x22,0x2f,0x3e,0x3c,0x2f,0x67,0x3e,0x3c,0x70,0x61,0x74,0x68,0x20,0x73,0x74,0x79,
  0x6c,0x65,0x3d,0x22,0x20,0x73,0x74,0x72,0x6f,0x6b,0x65,0x3a,0x6e,0x6f,0x6e,0x65,
  0x3b,0x66,0x69,0x6c,0x6c,0x2d,0x72,0x75,0x6c,0x65,0x3a,0x65,0x76,0x65,0x6e,0x6f,
  0x64,0x64,0x3b,0x66,0x69,0x6c,0x6c,0x3a,0x23,0x66,0x66,0x66,0x66,0x66,0x66,0x3b,
  0x66,0x69,0x6c,0x6c,0x2d,0x6f,0x70,0x61,0x63,0x69,0x74,0x79,0x3a,0x31,0x3b,0x22,
  0x20,0x64,0x3d,0x22,0x4d,0x20,0x37,0x32,0x30,0x2e,0x31,0x32,0x38,0x39,0x30,0x36,
  0x20,0x34,0x39,0x32,0x2e,0x30,0x34,0x32,0x39,0x36,0x39,0x20,0x43,0x20,0x36,0x37,
  0x32,0x2e,0x31,0x37,0x39,0x36,0x38,0x38,0x20,0x34,0x39,0x32,0x2e,0x30,0x34,0x32,
  0x39,0x36,0x39,0x20,0x36,0x33,0x33,0x2e,0x30,0x39,0x37,0x36,0x35,0x36,0x20,0x34,
  0x35,0x32,0x2e,0x39,0x36,0x30,0x39,0x33,0x38,0x20,0x36,0x33,0x33,0x2e,0x30,0x39,
  0x37,0x36,0x35,0x36,0x20,0x34,0x30,0x35,0x2e,0x30,0x31,0x35,0x36,0x32,0x35,0x20,
  0x43,0x20,0x36,0x33,0x33,0x2e,0x30,0x39,0x37,0x36,0x35,0x36,0x20,0x33,0x35,0x37,
  0x2e,0x30,0x37,0x30,0x33,0x31,0x32,0x20,0x36,0x37,0x32,0x2e,0x31,0x37,0x39,0x36,
  0x38,0x38,0x20,0x33,0x31,0x37,0x2e,0x39,0x38,0x34,0x33,0x37,0x35,0x20,0x37,0x32,
  0x30,0x2e,0x31,0x32,0x38,0x39,0x30,0x36,0x20,0x33,0x31,0x37,0x2e,0x39,0x38,0x34,
  0x33,0x37,0x35,0x20,0x43,0x20,0x37,0x36,0x38,0x2e,0x30,0x37,0x34,0x32,0x31,0x39,
  0x20,0x33,0x31,0x37,0x2e,0x39,0x38,0x34,0x33,0x37,0x35,0x20,0x38,0x30,0x37,0x2e,
  0x31,0x35,0x36,0x32,0x35,0x20,0x33,0x35,0x37,0x2e,0x30,0x37,0x30,0x33,0x31,0x32,
  0x20,0x38,0x30,0x37,0x2e,0x31,0x35,0x36,0x32,0x35,0x20,0x34,0x30,0x35,0x2e,0x30,
  0x31,0x35,0x36,0x32,0x35,0x20,0x43,0x20,0x38,0x30,0x37,0x2e,0x30,0x34,0x32,0x39,
  0x36,0x39,0x20,0x34,0x35,0x33,0x2e,0x30,0x37,0x34,0x32,0x31,0x39,0x20,0x37,0x36,
  0x38,0x2e,0x30,0x37,0x34,0x32,0x31,0x39,0x20,0x34,0x39,0x32,0x2e,0x30,0x34,0x32,
  0x39,0x36,0x39,0x20,0x37,0x32,0x30,0x2e,0x31,0x32,0x38,0x39,0x30,0x36,0x20,0x34,
  0x39,0x32,0x2e,0x30,0x34,0x32,0x39,0x36,0x39,0x20,0x5a,0x20,0x4d,0x20,0x37,0x32,
  0x30,0x2e,0x31,0x32,0x38,0x39,0x30,0x36,0x20,0x34,0x39,0x32,0x2e,0x30,0x34,0x32,
  0x39,0x36,0x39,0x20,0x22,0x2f,0x3e,0x3c,0x70,0x61,0x74,0x68,0x20,0x73,0x74,0x79,
  0x6c,0x65,0x3d,0x22,0x20,0x73,0x74,0x72,0x6f,0x6b,0x65,0x3a,0x6e,0x6f,0x6e,0x65,
  0x3b,0x66,0x69,0x6c,0x6c,0x2d,0x72,0x75,0x6c,0x65,0x3a,0x6e,0x6f,0x6e,0x7a,0x65,
  0x72,0x6f,0x3b,0x66,0x69,0x6c,0x6c,0x3a,0x23,0x30,0x30,0x30,0x30,0x30,0x30,0x3b,
  0x66,0x69,0x6c,0x6c,0x2d,0x6f,0x70,0x61,0x63,0x69,0x74,0x79,0x3a,0x31,0x3b,0x22,
  0x20,0x64,0x3d,0x22,0x4d,0x20,0x37,0x30,0x32,0x2e,0x38,0x35,0x35,0x34,0x36,0x39,
  0x20,0x33,0x38,0x36,0x2e,0x39,0x34,0x39,0x32,0x31,0x39,0x20,0x43,0x20,0x37,0x30,
  0x31,0x2e,0x34,0x39,0x32,0x31,0x38,0x38,0x20,0x33,0x38,0x35,0x2e,0x32,0x34,0x36,
  0x30,0x39,0x34,0x20,0x36,0x39,0x39,0x2e,0x34,0x34,0x39,0x32,0x31,0x39,0x20,0x33,
  0x38,0x34,0x2e,0x34,0x34,0x39,0x32,0x31,0x39,0x20,0x36,0x39,0x36,0x2e,0x38,0x33,
  0x35,0x39,0x33,0x38,0x20,0x33,0x38,0x34,0x2e,0x34,0x34,0x39,0x32,0x31,0x39,0x20,
  0x43,0x20,0x36,0x39,0x33,0x2e,0x33,0x31,0x32,0x35,0x20,0x33,0x38,0x34,0x2e,0x34,
  0x34,0x39,0x32,0x31,0x39,0x20,0x36,0x39,0x30,0x2e,0x39,0x32,0x35,0x37,0x38,0x31,
  0x20,0x33,0x38,0x35,0x2e,0x38,0x31,0x32,0x35,0x20,0x36,0x38,0x39,0x2e,0x35,0x36,
  0x32,0x35,0x20,0x33,0x38,0x38,0x2e,0x34,0x32,0x35,0x37,0x38,0x31,0x20,0x43,0x20,
  0x36,0x38,0x38,0x2e,0x38,0x38,0x32,0x38,0x31,0x32,0x20,0x33,0x38,0x39,0x2e,0x39,
  0x30,0x36,0x32,0x35,0x20,0x36,0x38,0x38,0x2e,0x34,0x32,0x39,0x36,0x38,0x38,0x20,
  0x33,0x39,0x32,0x2e,0x34,0x30,0x32,0x33,0x34,0x34,0x20,0x36,0x38,0x38,0x2e,0x31,
  0x39,0x39,0x32,0x31,0x39,0x20,0x33,0x39,0x35,0x2e,0x36,0x39,0x39,0x32,0x31,0x39,
  0x20,0x4c,0x20,0x36,0x37,0x36,0x2e,0x38,0x33,0x39,0x38,0x34,0x34,0x20,0x33,0x39,
  0x35,0x2e,0x36,0x39,0x39,0x32,0x31,0x39,0x20,0x43,0x20,0x36,0x37,0x37,0x2e,0x30,
  0x36,0x36,0x34,0x30,0x36,0x20,0x33,0x39,0x30,0x2e,0x36,0x39,0x39,0x32,0x31,0x39,
  0x20,0x36,0x37,0x37,0x2e,0x39,0x37,0x36,0x35,0x36,0x32,0x20,0x33,0x38,0x36,0x2e,
  0x36,0x30,0x39,0x33,0x37,0x35,0x20,0x36,0x37,0x39,0x2e,0x35,0x36,0x36,0x34,0x30,
  0x36,0x20,0x33,0x38,0x33,0x2e,0x34,0x32,0x39,0x36,0x38,0x38,0x20,0x43,0x20,0x36,
  0x38,0x32,0x2e,0x36,0x33,0x32,0x38,0x31,0x32,0x20,0x33,0x37,0x37,0x2e,0x35,0x31,
  0x39,0x35,0x33,0x31,0x20,0x36,0x38,0x38,0x2e,0x31,0x39,0x39,0x32,0x31,0x39,0x20,
  0x33,0x37,0x34,0x2e,0x35,0x36,0x36,0x34,0x30,0x36,0x20,0x36,0x39,0x36,0x2e,0x31,
  0x35,0x32,0x33,0x34,0x34,0x20,0x33,0x37,0x34,0x2e,0x35,0x36,0x36,0x34,0x30,0x36,
  0x20,0x43,0x20,0x37,0x30,0x32,0x2e,0x34,0x30,0x32,0x33,0x34,0x34,0x20,0x33,0x37,
  0x34,0x2e,0x35,0x36,0x36,0x34,0x30,0x36,0x20,0x37,0x30,0x37,0x2e,0x34,0x30,0x32,
  0x33,0x34,0x34,0x20,0x33,0x37,0x36,0x2e,0x32,0x36,0x39,0x35,0x33,0x31,0x20,0x37,
  0x31,0x31,0x2e,0x31,0x35,0x32,0x33,0x34,0x34,0x20,0x33,0x37,0x39,0x2e,0x37,0x39,
  0x32,0x39,0x36,0x39,0x20,0x43,0x20,0x37,0x31,0x34,0x2e,0x38,0x39,0x38,0x34,0x33,
  0x38,0x20,0x33,0x38,0x33,0x2e,0x33,0x31,0x36,0x34,0x30,0x36,0x20,0x37,0x31,0x36,
  0x2e,0x37,0x31,0x38,0x37,0x35,0x20,0x33,0x38,0x37,0x2e,0x38,0x35,0x39,0x33,0x37,
  0x35,0x20,0x37,0x31,0x36,0x2e,0x37,0x31,0x38,0x37,0x35,0x20,0x33,0x39,0x33,0x2e,
  0x36,0x35,0x32,0x33,0x34,0x34,0x20,0x43,0x20,0x37,0x31,0x36,0x2e,0x37,0x31,0x38,
  0x37,0x35,0x20,0x33,0x39,0x38,0x2e,0x30,0x38,0x35,0x39,0x33,0x38,0x20,0x37,0x31,
  0x35,0x2e,0x33,0x35,0x35,0x34,0x36,0x39,0x20,0x34,0x30,0x31,0x2e,0x39,0x34,0x39,
  0x32,0x31,0x39,0x20,0x37,0x31,0x32,0x2e,0x37,0x34,0x32,0x31,0x38,0x38,0x20,0x34,
  0x30,0x35,0x2e,0x33,0x35,0x35,0x34,0x36,0x39,0x20,0x43,0x20,0x37,0x31,0x31,0x2e,
  0x30,0x33,0x39,0x30,0x36,0x32,0x20,0x34,0x30,0x37,0x2e,0x36,0x32,0x38,0x39,0x30,
  0x36,0x20,0x37,0x30,0x38,0x2e,0x31,0x39,0x35,0x33,0x31,0x32,0x20,0x34,0x31,0x30,
  0x2e,0x31,0x32,0x38,0x39,0x30,0x36,0x20,0x37,0x30,0x34,0x2e,0x32,0x31,0x38,0x37,
  0x35,0x20,0x34,0x31,0x32,0x2e,0x39,0x36,0x38,0x37,0x35,0x20,0x4c,0x20,0x36,0x39,
  0x39,0x2e,0x35,0x36,0x32,0x35,0x20,0x34,0x31,0x36,0x2e,0x32,0x36,0x31,0x37,0x31,
  0x39,0x20,0x43,0x20,0x36,0x39,0x36,0x2e,0x36,0x30,0x39,0x33,0x37,0x35,0x20,0x34,
  0x31,0x38,0x2e,0x33,0x30,0x38,0x35,0x39,0x34,0x20,0x36,0x39,0x34,0x2e,0x36,0x37,
  0x35,0x37,0x38,0x31,0x20,0x34,0x31,0x39,0x2e,0x37,0x38,0x35,0x31,0x35,0x36,0x20,
  0x36,0x39,0x33,0x2e,0x35,0x33,0x39,0x30,0x36,0x32,0x20,0x34,0x32,0x30,0x2e,0x38,
  0x30,0x38,0x35,0x39,0x34,0x20,0x43,0x20,0x36,0x39,0x32,0x2e,0x35,0x31,0x39,0x35,
  0x33,0x31,0x20,0x34,0x32,0x31,0x2e,0x37,0x31,0x34,0x38,0x34,0x34,0x20,0x36,0x39,
  0x31,0x2e,0x36,0x30,0x39,0x33,0x37,0x35,0x20,0x34,0x32,0x32,0x2e,0x38,0x35,0x31,
  0x35,0x36,0x32,0x20,0x36,0x39,0x30,0x2e,0x38,0x31,0x32,0x35,0x20,0x34,0x32,0x33,
  0x2e,0x39,0x38,0x38,0x32,0x38,0x31,0x20,0x4c,0x20,0x37,0x31,0x36,0x2e,0x37,0x31,
  0x38,0x37,0x35,0x20,0x34,0x32,0x33,0x2e,0x39,0x38,0x38,0x32,0x38,0x31,0x20,0x4c,
  0x20,0x37,0x31,0x36,0x2e,0x37,0x31,0x38,0x37,0x35,0x20,0x34,0x33,0x34,0x2e,0x32,
  0x31,0x34,0x38,0x34,0x34,0x20,0x4c,0x20,0x36,0x37,0x36,0x2e,0x32,0x36,0x39,0x35,
  0x33,0x31,0x20,0x34,0x33,0x34,0x2e,0x32,0x31,0x34,0x38,0x34,0x34,0x20,0x43,0x20,
  0x36,0x37,0x36,0x2e,0x33,0x38,0x32,0x38,0x31,0x32,0x20,0x34,0x33,0x30,0x2e,0x30,
  0x31,0x31,0x37,0x31,0x39,0x20,0x36,0x37,0x37,0x2e,0x32,0x39,0x32,0x39,0x36,0x39,
  0x20,0x34,0x32,0x36,0x2e,0x30,0x33,0x35,0x31,0x35,0x36,0x20,0x36,0x37,0x38,0x2e,
  0x39,0x39,0x36,0x30,0x39,0x34,0x20,0x34,0x32,0x32,0x2e,0x35,0x31,0x31,0x37,0x31,
  0x39,0x20,0x43,0x20,0x36,0x38,0x30,0x2e,0x37,0x30,0x33,0x31,0x32,0x35,0x20,0x34,
  0x31,0x38,0x2e,0x35,0x33,0x35,0x31,0x35,0x36,0x20,0x36,0x38,0x34,0x2e,0x35,0x36,
  0x36,0x34,0x30,0x36,0x20,0x34,0x31,0x34,0x2e,0x33,0x33,0x32,0x30,0x33,0x31,0x20,
  0x36,0x39,0x30,0x2e,0x38,0x31,0x32,0x35,0x20,0x34,0x30,0x39,0x2e,0x39,0x30,0x32,
  0x33,0x34,0x34,0x20,0x43,0x20,0x36,0x39,0x36,0x2e,0x31,0x35,0x32,0x33,0x34,0x34,
  0x20,0x34,0x30,0x36,0x2e,0x30,0x33,0x39,0x30,0x36,0x32,0x20,0x36,0x39,0x39,0x2e,
  0x36,0x37,0x35,0x37,0x38,0x31,0x20,0x34,0x30,0x33,0x2e,0x33,0x31,0x32,0x35,0x20,
  0x37,0x30,0x31,0x2e,0x32,0x36,0x35,0x36,0x32,0x35,0x20,0x34,0x30,0x31,0x2e,0x36,
  0x30,0x35,0x34,0x36,0x39,0x20,0x43,0x20,0x37,0x30,0x33,0x2e,0x36,0x35,0x32,0x33,
  0x34,0x34,0x20,0x33,0x39,0x38,0x2e,0x39,0x39,0x32,0x31,0x38,0x38,0x20,0x37,0x30,
  0x34,0x2e,0x39,0x30,0x32,0x33,0x34,0x34,0x20,0x33,0x39,0x36,0x2e,0x31,0x35,0x32,
  0x33,0x34,0x34,0x20,0x37,0x30,0x34,0x2e,0x39,0x30,0x32,0x33,0x34,0x34,0x20,0x33,
  0x39,0x33,0x2e,0x30,0x38,0x35,0x39,0x33,0x38,0x20,0x43,0x20,0x37,0x30,0x34,0x2e,
  0x39,0x30,0x32,0x33,0x34,0x34,0x20,0x33,0x39,0x30,0x2e,0x36,0x39,0x39,0x32,0x31,
  0x39,0x20,0x37,0x30,0x34,0x2e,0x32,0x31,0x38,0x37,0x35,0x20,0x33,0x38,0x38,0x2e,
  0x36,0x35,0x36,0x32,0x35,0x20,0x37,0x30,0x32,0x2e,0x38,0x35,0x35,0x34,0x36,0x39,
  0x20,0x33,0x38,0x36,0x2e,0x39,0x34,0x39,0x32,0x31,0x39,0x20,0x5a,0x20,0x4d,0x20,
  0x37,0x30,0x32,0x2e,0x38,0x35,0x35,0x34,0x36,0x39,0x20,0x33,0x38,0x36,0x2e,0x39,
  0x34,0x39,0x32,0x31,0x39,0x20,0x22,0x2f,0x3e,0x3c,0x70,0x61,0x74,0x68,0x20,0x73,
  0x74,0x79,0x6c,0x65,0x3d,0x22,0x20,0x73,0x74,0x72,0x6f,0x6b,0x65,0x3a,0x6e,0x6f,
  0x6e,0x65,0x3b,0x66,0x69,0x6c,0x6c,0x2d,0x72,0x75,0x6c,0x65,0x3a,0x6e,0x6f,0x6e,
  0x7a,0x65,0x72,0x6f,0x3b,0x66,0x69,0x6c,0x6c,0x3a,0x23,0x30,0x30,0x30,0x30,0x30,
  0x30,0x3b,0x66,0x69,0x6c,0x6c,0x2d,0x6f,0x70,0x61,0x63,0x69,0x74,0x79,0x3a,0x31,
  0x3b,0x22,0x20,0x64,0x3d,0x22,0x4d,0x20,0x37,0x34,0x33,0x2e,0x34,0x31,0x37,0x39,
  0x36,0x39,0x20,0x34,0x33,0x35,0x2e,0x36,0x39,0x31,0x34,0x30,0x36,0x20,0x43,0x20,
  0x37,0x33,0x35,0x2e,0x38,0x30,0x34,0x36,0x38,0x38,0x20,0x34,0x33,0x35,0x2e,0x36,
  0x39,0x31,0x34,0x30,0x36,0x20,0x37,0x33,0x30,0x2e,0x35,0x37,0x38,0x31,0x32,0x35,
  0x20,0x34,0x33,0x33,0x2e,0x30,0x37,0x38,0x31,0x32,0x35,0x20,0x37,0x32,0x37,0x2e,
  0x35,0x31,0x31,0x37,0x31,0x39,0x20,0x34,0x32,0x37,0x2e,0x37,0x33,0x38,0x32,0x38,
  0x31,0x20,0x43,0x20,0x37,0x32,0x34,0x2e,0x34,0x34,0x35,0x33,0x31,0x32,0x20,0x34,
  0x32,0x32,0x2e,0x33,0x39,0x38,0x34,0x33,0x38,0x20,0x37,0x32,0x32,0x2e,0x39,0x36,
  0x34,0x38,0x34,0x34,0x20,0x34,0x31,0x34,0x2e,0x38,0x39,0x38,0x34,0x33,0x38,0x20,
  0x37,0x32,0x32,0x2e,0x39,0x36,0x34,0x38,0x34,0x34,0x20,0x34,0x30,0x35,0x2e,0x31,
  0x32,0x38,0x39,0x30,0x36,0x20,0x43,0x20,0x37,0x32,0x32,0x2e,0x39,0x36,0x34,0x38,
  0x34,0x34,0x20,0x33,0x39,0x35,0x2e,0x33,0x35,0x39,0x33,0x37,0x35,0x20,0x37,0x32,
  0x34,0x2e,0x34,0x34,0x35,0x33,0x31,0x32,0x20,0x33,0x38,0x37,0x2e,0x37,0x34,0x36,
  0x30,0x39,0x34,0x20,0x37,0x32,0x37,0x2e,0x35,0x31,0x31,0x37,0x31,0x39,0x20,0x33,
  0x38,0x32,0x2e,0x34,0x30,0x36,0x32,0x35,0x20,0x43,0x20,0x37,0x33,0x30,0x2e,0x35,
  0x37,0x38,0x31,0x32,0x35,0x20,0x33,0x37,0x37,0x2e,0x30,0x36,0x36,0x34,0x30,0x36,
  0x20,0x37,0x33,0x35,0x2e,0x38,0x30,0x34,0x36,0x38,0x38,0x20,0x33,0x37,0x34,0x2e,
  0x34,0x35,0x33,0x31,0x32,0x35,0x20,0x37,0x34,0x33,0x2e,0x34,0x31,0x37,0x39,0x36,
  0x39,0x20,0x33,0x37,0x34,0x2e,0x34,0x35,0x33,0x31,0x32,0x35,0x20,0x43,0x20,0x37,
  0x35,0x31,0x2e,0x30,0x33,0x31,0x32,0x35,0x20,0x33,0x37,0x34,0x2e,0x34,0x35,0x33,
  0x31,0x32,0x35,0x20,0x37,0x35,0x36,0x2e,0x32,0x35,0x33,0x39,0x30,0x36,0x20,0x33,
  0x37,0x37,0x2e,0x30,0x36,0x36,0x34,0x30,0x36,0x20,0x37,0x35,0x39,0x2e,0x33,0x32,
  0x34,0x32,0x31,0x39,0x20,0x33,0x38,0x32,0x2e,0x34,0x30,0x36,0x32,0x35,0x20,0x43,
  0x20,0x37,0x36,0x32,0x2e,0x33,0x39,0x30,0x36,0x32,0x35,0x20,0x33,0x38,0x37,0x2e,
  0x37,0x34,0x36,0x30,0x39,0x34,0x20,0x37,0x36,0x33,0x2e,0x38,0x36,0x37,0x31,0x38,
  0x38,0x20,0x33,0x39,0x35,0x2e,0x32,0x34,0x32,0x31,0x38,0x38,0x20,0x37,0x36,0x33,
  0x2e,0x38,0x36,0x37,0x31,0x38,0x38,0x20,0x34,0x30,0x35,0x2e,0x31,0x32,0x38,0x39,
  0x30,0x36,0x20,0x43,0x20,0x37,0x36,0x33,0x2e,0x38,0x36,0x37,0x31,0x38,0x38,0x20,
  0x34,0x31,0x34,0x2e,0x38,0x39,0x38,0x34,0x33,0x38,0x20,0x37,0x36,0x32,0x2e,0x33,
  0x39,0x30,0x36,0x32,0x35,0x20,0x34,0x32,0x32,0x2e,0x35,0x31,0x31,0x37,0x31,0x39,
  0x20,0x37,0x35,0x39,0x2e,0x33,0x32,0x34,0x32,0x31,0x39,0x20,0x34,0x32,0x37,0x2e,
  0x37,0x33,0x38,0x32,0x38,0x31,0x20,0x43,0x20,0x37,0x35,0x36,0x2e,0x32,0x35,0x33,
  0x39,0x30,0x36,0x20,0x34,0x33,0x33,0x2e,0x30,0x37,0x38,0x31,0x32,0x35,0x20,0x37,
  0x35,0x30,0x2e,0x39,0x31,0x34,0x30,0x36,0x32,0x20,0x34,0x33,0x35,0x2e,0x36,0x39,
  0x31,0x34,0x30,0x36,0x20,0x37,0x34,0x33,0x2e,0x34,0x31,0x37,0x39,0x36,0x39,0x20,
  0x34,0x33,0x35,0x2e,0x36,0x39,0x31,0x34,0x30,0x36,0x20,0x5a,0x20,0x4d,0x20,0x37,
  0x35,0x30,0x2e,0x32,0x33,0x34,0x33,0x37,0x35,0x20,0x34,0x32,0x30,0x2e,0x38,0x30,
  0x38,0x35,0x39,0x34,0x20,0x43,0x20,0x37,0x35,0x31,0x2e,0x32,0x35,0x37,0x38,0x31,
  0x32,0x20,0x34,0x31,0x37,0x2e,0x31,0x37,0x31,0x38,0x37,0x35,0x20,0x37,0x35,0x31,
  0x2e,0x38,0x32,0x34,0x32,0x31,0x39,0x20,0x34,0x31,0x31,0x2e,0x39,0x34,0x35,0x33,
  0x31,0x32,0x20,0x37,0x35,0x31,0x2e,0x38,0x32,0x34,0x32,0x31,0x39,0x20,0x34,0x30,
  0x35,0x2e,0x31,0x32,0x38,0x39,0x30,0x36,0x20,0x43,0x20,0x37,0x35,0x31,0x2e,0x38,
  0x32,0x34,0x32,0x31,0x39,0x20,0x33,0x39,0x37,0x2e,0x39,0x37,0x32,0x36,0x35,0x36,
  0x20,0x37,0x35,0x31,0x2e,0x32,0x35,0x37,0x38,0x31,0x32,0x20,0x33,0x39,0x32,0x2e,
  0x36,0x32,0x38,0x39,0x30,0x36,0x20,0x37,0x35,0x30,0x2e,0x32,0x33,0x34,0x33,0x37,
  0x35,0x20,0x33,0x38,0x39,0x2e,0x32,0x32,0x32,0x36,0x35,0x36,0x20,0x43,0x20,0x37,
  0x34,0x39,0x2e,0x32,0x31,0x30,0x39,0x33,0x38,0x20,0x33,0x38,0x35,0x2e,0x38,0x31,
  0x32,0x35,0x20,0x37,0x34,0x36,0x2e,0x39,0x33,0x37,0x35,0x20,0x33,0x38,0x34,0x2e,
  0x31,0x30,0x39,0x33,0x37,0x35,0x20,0x37,0x34,0x33,0x2e,0x34,0x31,0x37,0x39,0x36,
  0x39,0x20,0x33,0x38,0x34,0x2e,0x31,0x30,0x39,0x33,0x37,0x35,0x20,0x43,0x20,0x37,
  0x34,0x30,0x2e,0x30,0x30,0x37,0x38,0x31,0x32,0x20,0x33,0x38,0x34,0x2e,0x31,0x30,
  0x39,0x33,0x37,0x35,0x20,0x37,0x33,0x37,0x2e,0x36,0x32,0x31,0x30,0x39,0x34,0x20,
  0x33,0x38,0x35,0x2e,0x38,0x31,0x32,0x35,0x20,0x37,0x33,0x36,0x2e,0x34,0x38,0x38,
  0x32,0x38,0x31,0x20,0x33,0x38,0x39,0x2e,0x32,0x32,0x32,0x36,0x35,0x36,0x20,0x43,
  0x20,0x37,0x33,0x35,0x2e,0x33,0x35,0x31,0x35,0x36,0x32,0x20,0x33,0x39,0x32,0x2e,
  0x36,0x32,0x38,0x39,0x30,0x36,0x20,0x37,0x33,0x34,0x2e,0x37,0x38,0x31,0x32,0x35,
  0x20,0x33,0x39,0x37,0x2e,0x39,0x37,0x32,0x36,0x35,0x36,0x20,0x37,0x33,0x34,0x2e,
  0x37,0x38,0x31,0x32,0x35,0x20,0x34,0x30,0x35,0x2e,0x31,0x32,0x38,0x39,0x30,0x36,
  0x20,0x43,0x20,0x37,0x33,0x34,0x2e,0x37,0x38,0x31,0x32,0x35,0x20,0x34,0x31,0x31,
  0x2e,0x39,0x34,0x35,0x33,0x31,0x32,0x20,0x37,0x33,0x35,0x2e,0x33,0x35,0x31,0x35,
  0x36,0x32,0x20,0x34,0x31,0x37,0x2e,0x31,0x37,0x31,0x38,0x37,0x35,0x20,0x37,0x33,
  0x36,0x2e,0x34,0x38,0x38,0x32,0x38,0x31,0x20,0x34,0x32,0x30,0x2e,0x38,0x30,0x38,
  0x35,0x39,0x34,0x20,0x43,0x20,0x37,0x33,0x37,0x2e,0x36,0x32,0x31,0x30,0x39,0x34,
  0x20,0x34,0x32,0x34,0x2e,0x34,0x34,0x31,0x34,0x30,0x36,0x20,0x37,0x33,0x39,0x2e,
  0x38,0x39,0x34,0x35,0x33,0x31,0x20,0x34,0x32,0x36,0x2e,0x32,0x36,0x31,0x37,0x31,
  0x39,0x20,0x37,0x34,0x33,0x2e,0x34,0x31,0x37,0x39,0x36,0x39,0x20,0x34,0x32,0x36,
  0x2e,0x32,0x36,0x31,0x37,0x31,0x39,0x20,0x43,0x20,0x37,0x34,0x36,0x2e,0x38,0x32,
  0x34,0x32,0x31,0x39,0x20,0x34,0x32,0x36,0x2e,0x31,0x34,0x38,0x34,0x33,0x38,0x20,
  0x37,0x34,0x39,0x2e,0x30,0x39,0x37,0x36,0x35,0x36,0x20,0x34,0x32,0x34,0x2e,0x34,
  0x34,0x31,0x34,0x30,0x36,0x20,0x37,0x35,0x30,0x2e,0x32,0x33,0x34,0x33,0x37,0x35,
  0x20,0x34,0x32,0x30,0x2e,0x38,0x30,0x38,0x35,0x39,0x34,0x20,0x5a,0x20,0x4d,0x20,
  0x37,0x35,0x30,0x2e,0x32,0x33,0x34,0x33,0x37,0x35,0x20,0x34,0x32,0x30,0x2e,0x38,
  0x30,0x38,0x35,0x39,0x34,0x20,0x22,0x2f,0x3e,0x3c,0x2f,0x67,0x3e,0x3c,0x2f,0x73,
  0x76,0x67,0x3e,
    // 60.svg
  0x0,0x0,0x11,0x16,
  0x3c,
  0x73,0x76,0x67,0x20,0x78,0x6d,0x6c,0x6e,0x73,0x3d,0x22,0x68,0x74,0x74,0x70,0x3a,
  0x2f,0x2f,0x77,0x77,0x77,0x2e,0x77,0x33,0x2e,0x6f,0x72,0x67,0x2f,0x32,0x30,0x30,
  0x30,0x2f,0x73,0x76,0x67,0x22,0x20,0x78,0x6d,0x6c,0x6e,0x73,0x3a,0x78,0x6c,0x69,
  0x6e,0x6b,0x3d,0x22,0x68,0x74,0x74,0x70,0x3a,0x2f,0x2f,0x77,0x77,0x77,0x2e,0x77,
  0x33,0x2e,0x6f,0x72,0x67,0x2f,0x31,0x39,0x39,0x39,0x2f,0x78,0x6c,0x69,0x6e,0x6b,
  0x22,0x20,0x77,0x69,0x64,0x74,0x68,0x3d,0x22,0x31,0x39,0x32,0x30,0x22,0x20,0x7a,
  0x6f,0x6f,0x6d,0x41,0x6e,0x64,0x50,0x61,0x6e,0x3d,0x22,0x6d,0x61,0x67,0x6e,0x69,
  0x66,0x79,0x22,0x20,0x76,0x69,0x65,0x77,0x42,0x6f,0x78,0x3d,0x22,0x30,0x20,0x30,
  0x20,0x31,0x34,0x34,0x30,0x20,0x38,0x30,0x39,0x2e,0x39,0x39,0x39,0x39,0x39,0x33,
  0x22,0x20,0x68,0x65,0x69,0x67,0x68,0x74,0x3d,0x22,0x31,0x30,0x38,0x30,0x22,0x20,
  0x70,0x72,0x65,0x73,0x65,0x72,0x76,0x65,0x41,0x73,0x70,0x65,0x63,0x74,0x52,0x61,
  0x74,0x69,0x6f,0x3d,0x22,0x78,0x4d,0x69,0x64,0x59,0x4d,0x69,0x64,0x20,0x6d,0x65,
  0x65,0x74,0x22,0x20,0x76,0x65,0x72,0x73,0x69,0x6f,0x6e,0x3d,0x22,0x31,0x2e,0x32,
  0x22,0x3e,0x3c,0x64,0x65,0x66,0x73,0x3e,0x3c,0x63,0x6c,0x69,0x70,0x50,0x61,0x74,
  0x68,0x20,0x69,0x64,0x3d,0x22,0x36,0x35,0x31,0x37,0x31,0x62,0x37,0x38,0x64,0x62,
  0x22,0x3e,0x3c,0x70,0x61,0x74,0x68,0x20,0x64,0x3d,0x22,0x4d,0x20,0x36,0x30,0x39,
  0x2e,0x31,0x32,0x35,0x20,0x32,0x39,0x34,0x2e,0x31,0x32,0x35,0x20,0x4c,0x20,0x38,
  0x33,0x31,0x2e,0x31,0x32,0x35,0x20,0x32,0x39,0x34,0x2e,0x31,0x32,0x35,0x20,0x4c,
  0x20,0x38,0x33,0x31,0x2e,0x31,0x32,0x35,0x20,0x35,0x31,0x36,0x2e,0x31,0x32,0x35,
  0x20,0x4c,0x20,0x36,0x30,0x39,0x2e,0x31,0x32,0x35,0x20,0x35,0x31,0x36,0x2e,0x31,
  0x32,0x35,0x20,0x5a,0x20,0x4d,0x20,0x36,0x30,0x39,0x2e,0x31,0x32,0x35,0x20,0x32,
  0x39,0x34,0x2e,0x31,0x32,0x35,0x20,0x22,0x2f,0x3e,0x3c,0x2f,0x63,0x6c,0x69,0x70,
  0x50,0x61,0x74,0x68,0x3e,0x3c,0x2f,0x64,0x65,0x66,0x73,0x3e,0x3c,0x67,0x20,0x69,
  0x64,0x3d,0x22,0x39,0x35,0x35,0x36,0x30,0x32,0x37,0x34,0x37,0x64,0x22,0x3e,0x3c,
  0x67,0x20,0x63,0x6c,0x69,0x70,0x2d,0x72,0x75,0x6c,0x65,0x3d,0x22,0x6e,0x6f,0x6e,
  0x7a,0x65,0x72,0x6f,0x22,0x20,0x63,0x6c,0x69,0x70,0x2d,0x70,0x61,0x74,0x68,0x3d,
  0x22,0x75,0x72,0x6c,0x28,0x23,0x36,0x35,0x31,0x37,0x31,0x62,0x37,0x38,0x64,0x62,
  0x29,0x22,0x3e,0x3c,0x70,0x61,0x74,0x68,0x20,0x73,0x74,0x79,0x6c,0x65,0x3d,0x22,
  0x20,0x73,0x74,0x72,0x6f,0x6b,0x65,0x3a,0x6e,0x6f,0x6e,0x65,0x3b,0x66,0x69,0x6c,
  0x6c,0x2d,0x72,0x75,0x6c,0x65,0x3a,0x6e,0x6f,0x6e,0x7a,0x65,0x72,0x6f,0x3b,0x66,
  0x69,0x6c,0x6c,0x3a,0x23,0x65,0x63,0x32,0x32,0x32,0x34,0x3b,0x66,0x69,0x6c,0x6c,
  0x2d,0x6f,0x70,0x61,0x63,0x69,0x74,0x79,0x3a,0x31,0x3b,0x22,0x20,0x64,0x3d,0x22,
  0x4d,0x20,0x36,0x30,0x39,0x2e,0x31,0x32,0x35,0x20,0x34,0x30,0x35,0x2e,0x31,0x32,
  0x38,0x39,0x30,0x36,0x20,0x43,0x20,0x36,0x30,0x39,0x2e,0x31,0x32,0x35,0x20,0x33,
  0x34,0x34,0x2e,0x30,0x30,0x33,0x39,0x30,0x36,0x20,0x36,0x35,0x38,0x2e,0x38,0x38,
  0x36,0x37,0x31,0x39,0x20,0x32,0x39,0x34,0x2e,0x31,0x32,0x35,0x20,0x37,0x32,0x30,
  0x2e,0x31,0x32,0x38,0x39,0x30,0x36,0x20,0x32,0x39,0x34,0x2e,0x31,0x32,0x35,0x20,
  0x43,0x20,0x37,0x38,0x31,0x2e,0x32,0x35,0x33,0x39,0x30,0x36,0x20,0x32,0x39,0x34,
  0x2e,0x31,0x32,0x35,0x20,0x38,0x33,0x31,0x2e,0x31,0x32,0x38,0x39,0x30,0x36,0x20,
  0x33,0x34,0x33,0x2e,0x38,0x39,0x30,0x36,0x32,0x35,0x20,0x38,0x33,0x31,0x2e,0x31,
  0x32,0x38,0x39,0x30,0x36,0x20,0x34,0x30,0x35,0x2e,0x31,0x32,0x38,0x39,0x30,0x36,
  0x20,0x43,0x20,0x38,0x33,0x31,0x2e,0x31,0x32,0x38,0x39,0x30,0x36,0x20,0x34,0x36,
  0x36,0x2e,0x33,0x36,0x37,0x31,0x38,0x38,0x20,0x37,0x38,0x31,0x2e,0x33,0x36,0x37,
  0x31,0x38,0x38,0x20,0x35,0x31,0x36,0x2e,0x31,0x33,0x32,0x38,0x31,0x32,0x20,0x37,
  0x32,0x30,0x2e,0x31,0x32,0x38,0x39,0x30,0x36,0x20,0x35,0x31,0x36,0x2e,0x31,0x33,
  0x32,0x38,0x31,0x32,0x20,0x43,0x20,0x36,0x35,0x38,0x2e,0x38,0x38,0x36,0x37,0x31,
  0x39,0x20,0x35,0x31,0x36,0x2e,0x30,0x31,0x35,0x36,0x32,0x35,0x20,0x36,0x30,0x39,
  0x2e,0x31,0x32,0x35,0x20,0x34,0x36,0x36,0x2e,0x32,0x35,0x33,0x39,0x30,0x36,0x20,
  0x36,0x30,0x39,0x2e,0x31,0x32,0x35,0x20,0x34,0x30,0x35,0x2e,0x31,0x32,0x38,0x39,
  0x30,0x36,0x20,0x5a,0x20,0x4d,0x20,0x36,0x30,0x39,0x2e,0x31,0x32,0x35,0x20,0x34,
  0x30,0x35,0x2e,0x31,0x32,0x38,0x39,0x30,0x36,0x20,0x22,0x2f,0x3e,0x3c,0x2f,0x67,
  0x3e,0x3c,0x70,0x61,0x74,0x68,0x20,0x73,0x74,0x79,0x6c,0x65,0x3d,0x22,0x20,0x73,
  0x74,0x72,0x6f,0x6b,0x65,0x3a,0x6e,0x6f,0x6e,0x65,0x3b,0x66,0x69,0x6c,0x6c,0x2d,
  0x72,0x75,0x6c,0x65,0x3a,0x65,0x76,0x65,0x6e,0x6f,0x64,0x64,0x3b,0x66,0x69,0x6c,
  0x6c,0x3a,0x23,0x66,0x66,0x66,0x66,0x66,0x66,0x3b,0x66,0x69,0x6c,0x6c,0x2d,0x6f,
  0x70,0x61,0x63,0x69,0x74,0x79,0x3a,0x31,0x3b,0x22,0x20,0x64,0x3d,0x22,0x4d,0x20,
  0x37,0x32,0x30,0x2e,0x31,0x32,0x38,0x39,0x30,0x36,0x20,0x34,0x39,0x32,0x2e,0x30,
  0x34,0x32,0x39,0x36,0x39,0x20,0x43,0x20,0x36,0x37,0x32,0x2e,0x31,0x37,0x39,0x36,
  0x38,0x38,0x20,0x34,0x39,0x32,0x2e,0x30,0x34,0x32,0x39,0x36,0x39,0x20,0x36,0x33,
  0x33,0x2e,0x30,0x39,0x37,0x36,0x35,0x36,0x20,0x34,0x35,0x32,0x2e,0x39,0x36,0x30,
  0x39,0x33,0x38,0x20,0x36,0x33,0x33,0x2e,0x30,0x39,0x37,0x36,0x35,0x36,0x20,0x34,
  0x30,0x35,0x2e,0x30,0x31,0x35,0x36,0x32,0x35,0x20,0x43,0x20,0x36,0x33,0x33,0x2e,
  0x30,0x39,0x37,0x36,0x35,0x36,0x20,0x33,0x35,0x37,0x2e,0x30,0x37,0x30,0x33,0x31,
  0x32,0x20,0x36,0x37,0x32,0x2e,0x31,0x37,0x39,0x36,0x38,0x38,0x20,0x33,0x31,0x37,
  0x2e,0x39,0x38,0x34,0x33,0x37,0x35,0x20,0x37,0x32,0x30,0x2e,0x31,0x32,0x38,0x39,
  0x30,0x36,0x20,0x33,0x31,0x37,0x2e,0x39,0x38,0x34,0x33,0x37,0x35,0x20,0x43,0x20,
  0x37,0x36,0x38,0x2e,0x30,0x37,0x34,0x32,0x31,0x39,0x20,0x33,0x31,0x37,0x2e,0x39,
  0x38,0x34,0x33,0x37,0x35,0x20,0x38,0x30,0x37,0x2e,0x31,0x35,0x36,0x32,0x35,0x20,
  0x33,0x35,0x37,0x2e,0x30,0x37,0x30,0x33,0x31,0x32,0x20,0x38,0x30,0x37,0x2e,0x31,
  0x35,0x36,0x32,0x35,0x20,0x34,0x30,0x35,0x2e,0x30,0x31,0x35,0x36,0x32,0x35,0x20,
  0x43,0x20,0x38,0x30,0x37,0x2e,0x30,0x34,0x32,0x39,0x36,0x39,0x20,0x34,0x35,0x33,
  0x2e,0x30,0x37,0x34,0x32,0x31,0x39,0x20,0x37,0x36,0x38,0x2e,0x30,0x37,0x34,0x32,
  0x31,0x39,0x20,0x34,0x39,0x32,0x2e,0x30,0x34,0x32,0x39,0x36,0x39,0x20,0x37,0x32,
  0x30,0x2e,0x31,0x32,0x38,0x39,0x30,0x36,0x20,0x34,0x39,0x32,0x2e,0x30,0x34,0x32,
  0x39,0x36,0x39,0x20,0x5a,0x20,0x4d,0x20,0x37,0x32,0x30,0x2e,0x31,0x32,0x38,0x39,
  0x30,0x36,0x20,0x34,0x39,0x32,0x2e,0x30,0x34,0x32,0x39,0x36,0x39,0x20,0x22,0x2f,
  0x3e,0x3c,0x70,0x61,0x74,0x68,0x20,0x73,0x74,0x79,0x6c,0x65,0x3d,0x22,0x20,0x73,
  0x74,0x72,0x6f,0x6b,0x65,0x3a,0x6e,0x6f,0x6e,0x65,0x3b,0x66,0x69,0x6c,0x6c,0x2d,
  0x72,0x75,0x6c,0x65,0x3a,0x6e,0x6f,0x6e,0x7a,0x65,0x72,0x6f,0x3b,0x66,0x69,0x6c,
  0x6c,0x3a,0x23,0x30,0x30,0x30,0x30,0x30,0x30,0x3b,0x66,0x69,0x6c,0x6c,0x2d,0x6f,
  0x70,0x61,0x63,0x69,0x74,0x79,0x3a,0x31,0x3b,0x22,0x20,0x64,0x3d,0x22,0x4d,0x20,
  0x36,0x39,0x39,0x2e,0x33,0x33,0x35,0x39,0x33,0x38,0x20,0x33,0x39,0x35,0x2e,0x36,
  0x39,0x39,0x32,0x31,0x39,0x20,0x43,0x20,0x37,0x30,0x34,0x2e,0x35,0x36,0x32,0x35,
  0x20,0x33,0x39,0x35,0x2e,0x36,0x39,0x39,0x32,0x31,0x39,0x20,0x37,0x30,0x38,0x2e,
  0x38,0x37,0x38,0x39,0x30,0x36,0x20,0x33,0x39,0x37,0x2e,0x35,0x31,0x35,0x36,0x32,
  0x35,0x20,0x37,0x31,0x32,0x2e,0x32,0x38,0x39,0x30,0x36,0x32,0x20,0x34,0x30,0x31,
  0x2e,0x30,0x33,0x39,0x30,0x36,0x32,0x20,0x43,0x20,0x37,0x31,0x35,0x2e,0x36,0x39,
  0x35,0x33,0x31,0x32,0x20,0x34,0x30,0x34,0x2e,0x35,0x35,0x38,0x35,0x39,0x34,0x20,
  0x37,0x31,0x37,0x2e,0x32,0x38,0x35,0x31,0x35,0x36,0x20,0x34,0x30,0x39,0x2e,0x32,
  0x31,0x38,0x37,0x35,0x20,0x37,0x31,0x37,0x2e,0x32,0x38,0x35,0x31,0x35,0x36,0x20,
  0x34,0x31,0x34,0x2e,0x37,0x38,0x35,0x31,0x35,0x36,0x20,0x43,0x20,0x37,0x31,0x37,
  0x2e,0x32,0x38,0x35,0x31,0x35,0x36,0x20,0x34,0x32,0x30,0x2e,0x33,0x35,0x31,0x35,
  0x36,0x32,0x20,0x37,0x31,0x35,0x2e,0x35,0x38,0x32,0x30,0x33,0x31,0x20,0x34,0x32,
  0x35,0x2e,0x32,0x33,0x38,0x32,0x38,0x31,0x20,0x37,0x31,0x32,0x2e,0x32,0x38,0x39,
  0x30,0x36,0x32,0x20,0x34,0x32,0x39,0x2e,0x34,0x34,0x31,0x34,0x30,0x36,0x20,0x43,
  0x20,0x37,0x30,0x38,0x2e,0x39,0x39,0x32,0x31,0x38,0x38,0x20,0x34,0x33,0x33,0x2e,
  0x36,0x34,0x34,0x35,0x33,0x31,0x20,0x37,0x30,0x33,0x2e,0x38,0x37,0x38,0x39,0x30,
  0x36,0x20,0x34,0x33,0x35,0x2e,0x38,0x30,0x34,0x36,0x38,0x38,0x20,0x36,0x39,0x36,
  0x2e,0x39,0x34,0x39,0x32,0x31,0x39,0x20,0x34,0x33,0x35,0x2e,0x38,0x30,0x34,0x36,
  0x38,0x38,0x20,0x43,0x20,0x36,0x38,0x39,0x2e,0x34,0x34,0x39,0x32,0x31,0x39,0x20,
  0x34,0x33,0x35,0x2e,0x38,0x30,0x34,0x36,0x38,0x38,0x20,0x36,0x38,0x33,0x2e,0x39,
  0x39,0x36,0x30,0x39,0x34,0x20,0x34,0x33,0x32,0x2e,0x37,0x33,0x38,0x32,0x38,0x31,
  0x20,0x36,0x38,0x30,0x2e,0x33,0x36,0x33,0x32,0x38,0x31,0x20,0x34,0x32,0x36,0x2e,
  0x34,0x38,0x38,0x32,0x38,0x31,0x20,0x43,0x20,0x36,0x37,0x37,0x2e,0x36,0x33,0x36,
  0x37,0x31,0x39,0x20,0x34,0x32,0x31,0x2e,0x36,0x30,0x31,0x35,0x36,0x32,0x20,0x36,
  0x37,0x36,0x2e,0x32,0x36,0x39,0x35,0x33,0x31,0x20,0x34,0x31,0x35,0x2e,0x33,0x35,
  0x35,0x34,0x36,0x39,0x20,0x36,0x37,0x36,0x2e,0x32,0x36,0x39,0x35,0x33,0x31,0x20,
  0x34,0x30,0x37,0x2e,0x36,0x32,0x38,0x39,0x30,0x36,0x20,0x43,0x20,0x36,0x37,0x36,
  0x2e,0x32,0x36,0x39,0x35,0x33,0x31,0x20,0x34,0x30,0x33,0x2e,0x30,0x38,0x32,0x30,
  0x33,0x31,0x20,0x36,0x37,0x36,0x2e,0x35,0x20,0x33,0x39,0x39,0x2e,0x34,0x34,0x39,
  0x32,0x31,0x39,0x20,0x36,0x37,0x36,0x2e,0x38,0x33,0x39,0x38,0x34,0x34,0x20,0x33,
  0x39,0x36,0x2e,0x36,0x30,0x39,0x33,0x37,0x35,0x20,0x43,0x20,0x36,0x37,0x37,0x2e,
  0x35,0x31,0x39,0x35,0x33,0x31,0x20,0x33,0x39,0x31,0x2e,0x36,0x30,0x39,0x33,0x37,
  0x35,0x20,0x36,0x37,0x38,0x2e,0x38,0x38,0x32,0x38,0x31,0x32,0x20,0x33,0x38,0x37,
  0x2e,0x34,0x30,0x36,0x32,0x35,0x20,0x36,0x38,0x30,0x2e,0x38,0x31,0x36,0x34,0x30,
  0x36,0x20,0x33,0x38,0x33,0x2e,0x39,0x39,0x36,0x30,0x39,0x34,0x20,0x43,0x20,0x36,
  0x38,0x32,0x2e,0x35,0x31,0x39,0x35,0x33,0x31,0x20,0x33,0x38,0x31,0x2e,0x31,0x35,
  0x36,0x32,0x35,0x20,0x36,0x38,0x34,0x2e,0x36,0x37,0x39,0x36,0x38,0x38,0x20,0x33,
  0x37,0x38,0x2e,0x38,0x38,0x32,0x38,0x31,0x32,0x20,0x36,0x38,0x37,0x2e,0x35,0x31,
  0x39,0x35,0x33,0x31,0x20,0x33,0x37,0x37,0x2e,0x30,0x36,0x36,0x34,0x30,0x36,0x20,
  0x43,0x20,0x36,0x39,0x30,0x2e,0x32,0x34,0x36,0x30,0x39,0x34,0x20,0x33,0x37,0x35,
  0x2e,0x33,0x35,0x39,0x33,0x37,0x35,0x20,0x36,0x39,0x33,0x2e,0x35,0x33,0x39,0x30,
  0x36,0x32,0x20,0x33,0x37,0x34,0x2e,0x34,0x35,0x33,0x31,0x32,0x35,0x20,0x36,0x39,
  0x37,0x2e,0x34,0x30,0x32,0x33,0x34,0x34,0x20,0x33,0x37,0x34,0x2e,0x34,0x35,0x33,
  0x31,0x32,0x35,0x20,0x43,0x20,0x37,0x30,0x32,0x2e,0x39,0x37,0x32,0x36,0x35,0x36,
  0x20,0x33,0x37,0x34,0x2e,0x34,0x35,0x33,0x31,0x32,0x35,0x20,0x37,0x30,0x37,0x2e,
  0x32,0x38,0x39,0x30,0x36,0x32,0x20,0x33,0x37,0x35,0x2e,0x38,0x31,0x36,0x34,0x30,
  0x36,0x20,0x37,0x31,0x30,0x2e,0x35,0x38,0x32,0x30,0x33,0x31,0x20,0x33,0x37,0x38,
  0x2e,0x36,0x35,0x36,0x32,0x35,0x20,0x43,0x20,0x37,0x31,0x33,0x2e,0x38,0x37,0x38,
  0x39,0x30,0x36,0x20,0x33,0x38,0x31,0x2e,0x34,0x39,0x36,0x30,0x39,0x34,0x20,0x37,
  0x31,0x35,0x2e,0x36,0x39,0x35,0x33,0x31,0x32,0x20,0x33,0x38,0x35,0x2e,0x32,0x34,
  0x36,0x30,0x39,0x34,0x20,0x37,0x31,0x36,0x2e,0x31,0x35,0x32,0x33,0x34,0x34,0x20,
  0x33,0x38,0x39,0x2e,0x39,0x30,0x32,0x33,0x34,0x34,0x20,0x4c,0x20,0x37,0x30,0x34,
  0x2e,0x35,0x36,0x32,0x35,0x20,0x33,0x38,0x39,0x2e,0x39,0x30,0x32,0x33,0x34,0x34,
  0x20,0x43,0x20,0x37,0x30,0x34,0x2e,0x35,0x36,0x32,0x35,0x20,0x33,0x38,0x38,0x2e,
  0x39,0x39,0x36,0x30,0x39,0x34,0x20,0x37,0x30,0x34,0x2e,0x32,0x32,0x32,0x36,0x35,
  0x36,0x20,0x33,0x38,0x37,0x2e,0x38,0x35,0x39,0x33,0x37,0x35,0x20,0x37,0x30,0x33,
  0x2e,0x34,0x32,0x35,0x37,0x38,0x31,0x20,0x33,0x38,0x36,0x2e,0x37,0x32,0x32,0x36,
  0x35,0x36,0x20,0x43,0x20,0x37,0x30,0x32,0x2e,0x31,0x37,0x35,0x37,0x38,0x31,0x20,
  0x33,0x38,0x34,0x2e,0x39,0x30,0x36,0x32,0x35,0x20,0x37,0x30,0x30,0x2e,0x32,0x34,
  0x36,0x30,0x39,0x34,0x20,0x33,0x38,0x33,0x2e,0x39,0x39,0x36,0x30,0x39,0x34,0x20,
  0x36,0x39,0x37,0x2e,0x37,0x34,0x36,0x30,0x39,0x34,0x20,0x33,0x38,0x33,0x2e,0x39,
  0x39,0x36,0x30,0x39,0x34,0x20,0x43,0x20,0x36,0x39,0x33,0x2e,0x39,0x39,0x36,0x30,
  0x39,0x34,0x20,0x33,0x38,0x33,0x2e,0x39,0x39,0x36,0x30,0x39,0x34,0x20,0x36,0x39,
  0x31,0x2e,0x32,0x36,0x39,0x35,0x33,0x31,0x20,0x33,0x38,0x36,0x2e,0x31,0x35,0x36,
  0x32,0x35,0x20,0x36,0x38,0x39,0x2e,0x36,0x37,0x39,0x36,0x38,0x38,0x20,0x33,0x39,
  0x30,0x2e,0x33,0x35,0x39,0x33,0x37,0x35,0x20,0x43,0x20,0x36,0x38,0x38,0x2e,0x37,
  0x36,0x39,0x35,0x33,0x31,0x20,0x33,0x39,0x32,0x2e,0x37,0x34,0x36,0x30,0x39,0x34,
  0x20,0x36,0x38,0x38,0x2e,0x31,0x39,0x39,0x32,0x31,0x39,0x20,0x33,0x39,0x36,0x2e,
  0x31,0x35,0x32,0x33,0x34,0x34,0x20,0x36,0x38,0x37,0x2e,0x38,0x35,0x39,0x33,0x37,
  0x35,0x20,0x34,0x30,0x30,0x2e,0x36,0x39,0x39,0x32,0x31,0x39,0x20,0x43,0x20,0x36,
  0x38,0x39,0x2e,0x33,0x33,0x35,0x39,0x33,0x38,0x20,0x33,0x39,0x38,0x2e,0x39,0x39,
  0x32,0x31,0x38,0x38,0x20,0x36,0x39,0x30,0x2e,0x39,0x32,0x39,0x36,0x38,0x38,0x20,
  0x33,0x39,0x37,0x2e,0x37,0x34,0x32,0x31,0x38,0x38,0x20,0x36,0x39,0x32,0x2e,0x38,
  0x35,0x39,0x33,0x37,0x35,0x20,0x33,0x39,0x36,0x2e,0x39,0x34,0x39,0x32,0x31,0x39,
  0x20,0x43,0x20,0x36,0x39,0x34,0x2e,0x36,0x37,0x35,0x37,0x38,0x31,0x20,0x33,0x39,
  0x36,0x2e,0x31,0x35,0x32,0x33,0x34,0x34,0x20,0x36,0x39,0x36,0x2e,0x38,0x33,0x35,
  0x39,0x33,0x38,0x20,0x33,0x39,0x35,0x2e,0x36,0x39,0x39,0x32,0x31,0x39,0x20,0x36,
  0x39,0x39,0x2e,0x33,0x33,0x35,0x39,0x33,0x38,0x20,0x33,0x39,0x35,0x2e,0x36,0x39,
  0x39,0x32,0x31,0x39,0x20,0x5a,0x20,0x4d,0x20,0x36,0x39,0x31,0x2e,0x34,0x39,0x36,
  0x30,0x39,0x34,0x20,0x34,0x30,0x36,0x2e,0x38,0x33,0x32,0x30,0x33,0x31,0x20,0x43,
  0x20,0x36,0x38,0x39,0x2e,0x32,0x32,0x32,0x36,0x35,0x36,0x20,0x34,0x30,0x38,0x2e,
  0x36,0x35,0x32,0x33,0x34,0x34,0x20,0x36,0x38,0x38,0x2e,0x30,0x38,0x35,0x39,0x33,
  0x38,0x20,0x34,0x31,0x31,0x2e,0x34,0x39,0x32,0x31,0x38,0x38,0x20,0x36,0x38,0x38,
  0x2e,0x30,0x38,0x35,0x39,0x33,0x38,0x20,0x34,0x31,0x35,0x2e,0x34,0x36,0x38,0x37,
  0x35,0x20,0x43,0x20,0x36,0x38,0x38,0x2e,0x30,0x38,0x35,0x39,0x33,0x38,0x20,0x34,
  0x31,0x38,0x2e,0x36,0x34,0x38,0x34,0x33,0x38,0x20,0x36,0x38,0x38,0x2e,0x39,0x39,
  0x36,0x30,0x39,0x34,0x20,0x34,0x32,0x31,0x2e,0x32,0x36,0x31,0x37,0x31,0x39,0x20,
  0x36,0x39,0x30,0x2e,0x36,0x39,0x39,0x32,0x31,0x39,0x20,0x34,0x32,0x33,0x2e,0x33,
  0x30,0x38,0x35,0x39,0x34,0x20,0x43,0x20,0x36,0x39,0x32,0x2e,0x34,0x30,0x36,0x32,
  0x35,0x20,0x34,0x32,0x35,0x2e,0x33,0x35,0x31,0x35,0x36,0x32,0x20,0x36,0x39,0x34,
  0x2e,0x35,0x36,0x32,0x35,0x20,0x34,0x32,0x36,0x2e,0x33,0x37,0x35,0x20,0x36,0x39,
  0x37,0x2e,0x32,0x38,0x39,0x30,0x36,0x32,0x20,0x34,0x32,0x36,0x2e,0x33,0x37,0x35,
  0x20,0x43,0x20,0x36,0x39,0x39,0x2e,0x39,0x30,0x32,0x33,0x34,0x34,0x20,0x34,0x32,
  0x36,0x2e,0x33,0x37,0x35,0x20,0x37,0x30,0x31,0x2e,0x39,0x34,0x39,0x32,0x31,0x39,
  0x20,0x34,0x32,0x35,0x2e,0x33,0x35,0x31,0x35,0x36,0x32,0x20,0x37,0x30,0x33,0x2e,
  0x34,0x32,0x35,0x37,0x38,0x31,0x20,0x34,0x32,0x33,0x2e,0x34,0x32,0x31,0x38,0x37,
  0x35,0x20,0x43,0x20,0x37,0x30,0x34,0x2e,0x39,0x30,0x32,0x33,0x34,0x34,0x20,0x34,
  0x32,0x31,0x2e,0x34,0x38,0x38,0x32,0x38,0x31,0x20,0x37,0x30,0x35,0x2e,0x36,0x39,
  0x39,0x32,0x31,0x39,0x20,0x34,0x31,0x38,0x2e,0x39,0x38,0x38,0x32,0x38,0x31,0x20,
  0x37,0x30,0x35,0x2e,0x36,0x39,0x39,0x32,0x31,0x39,0x20,0x34,0x31,0x35,0x2e,0x38,
  0x30,0x38,0x35,0x39,0x34,0x20,0x43,0x20,0x37,0x30,0x35,0x2e,0x36,0x39,0x39,0x32,
  0x31,0x39,0x20,0x34,0x31,0x32,0x2e,0x33,0x39,0x38,0x34,0x33,0x38,0x20,0x37,0x30,
  0x34,0x2e,0x39,0x30,0x32,0x33,0x34,0x34,0x20,0x34,0x30,0x39,0x2e,0x36,0x37,0x31,
  0x38,0x37,0x35,0x20,0x37,0x30,0x33,0x2e,0x31,0x39,0x39,0x32,0x31,0x39,0x20,0x34,
  0x30,0x37,0x2e,0x38,0x35,0x35,0x34,0x36,0x39,0x20,0x43,0x20,0x37,0x30,0x31,0x2e,
  0x34,0x39,0x32,0x31,0x38,0x38,0x20,0x34,0x30,0x36,0x2e,0x30,0x33,0x39,0x30,0x36,
  0x32,0x20,0x36,0x39,0x39,0x2e,0x34,0x34,0x39,0x32,0x31,0x39,0x20,0x34,0x30,0x35,
  0x2e,0x31,0x32,0x38,0x39,0x30,0x36,0x20,0x36,0x39,0x36,0x2e,0x39,0x34,0x39,0x32,
  0x31,0x39,0x20,0x34,0x30,0x35,0x2e,0x31,0x32,0x38,0x39,0x30,0x36,0x20,0x43,0x20,
  0x36,0x39,0x34,0x2e,0x37,0x38,0x39,0x30,0x36,0x32,0x20,0x34,0x30,0x35,0x2e,0x31,
  0x32,0x38,0x39,0x30,0x36,0x20,0x36,0x39,0x32,0x2e,0x39,0x37,0x32,0x36,0x35,0x36,
  0x20,0x34,0x30,0x35,0x2e,0x36,0x39,0x35,0x33,0x31,0x32,0x20,0x36,0x39,0x31,0x2e,
  0x34,0x39,0x36,0x30,0x39,0x34,0x20,0x34,0x30,0x36,0x2e,0x38,0x33,0x32,0x30,0x33,
  0x31,0x20,0x5a,0x20,0x4d,0x20,0x36,0x39,0x31,0x2e,0x34,0x39,0x36,0x30,0x39,0x34,
  0x20,0x34,0x30,0x36,0x2e,0x38,0x33,0x32,0x30,0x33,0x31,0x20,0x22,0x2f,0x3e,0x3c,
  0x70,0x61,0x74,0x68,0x20,0x73,0x74,0x79,0x6c,0x65,0x3d,0x22,0x20,0x73,0x74,0x72,
  0x6f,0x6b,0x65,0x3a,0x6e,0x6f,0x6e,0x65,0x3b,0x66,0x69,0x6c,0x6c,0x2d,0x72,0x75,
  0x6c,0x65,0x3a,0x6e,0x6f,0x6e,0x7a,0x65,0x72,0x6f,0x3b,0x66,0x69,0x6c,0x6c,0x3a,
  0x23,0x30,0x30,0x30,0x30,0x30,0x30,0x3b,0x66,0x69,0x6c,0x6c,0x2d,0x6f,0x70,0x61,
  0x63,0x69,0x74,0x79,0x3a,0x31,0x3b,0x22,0x20,0x64,0x3d,0x22,0x4d,0x20,0x37,0x34,
  0x33,0x2e,0x34,0x31,0x37,0x39,0x36,0x39,0x20,0x34,0x33,0x35,0x2e,0x36,0x39,0x31,
  0x34,0x30,0x36,0x20,0x43,0x20,0x37,0x33,0x35,0x2e,0x38,0x30,0x34,0x36,0x38,0x38,
  0x20,0x34,0x33,0x35,0x2e,0x36,0x39,0x31,0x34,0x30,0x36,0x20,0x37,0x33,0x30,0x2e,
  0x35,0x37,0x38,0x31,0x32,0x35,0x20,0x34,0x33,0x33,0x2e,0x30,0x37,0x38,0x31,0x32,
  0x35,0x20,0x37,0x32,0x37,0x2e,0x35,0x31,0x31,0x37,0x31,0x39,0x20,0x34,0x32,0x37,
  0x2e,0x37,0x33,0x38,0x32,0x38,0x31,0x20,0x43,0x20,0x37,0x32,0x34,0x2e,0x34,0x34,
  0x35,0x33,0x31,0x32,0x20,0x34,0x32,0x32,0x2e,0x33,0x39,0x38,0x34,0x33,0x38,0x20,
  0x37,0x32,0x32,0x2e,0x39,0x36,0x38,0x37,0x35,0x20,0x34,0x31,0x34,0x2e,0x38,0x39,
  0x38,0x34,0x33,0x38,0x20,0x37,0x32,0x32,0x2e,0x39,0x36,0x38,0x37,0x35,0x20,0x34,
  0x30,0x35,0x2e,0x31,0x32,0x38,0x39,0x30,0x36,0x20,0x43,0x20,0x37,0x32,0x32,0x2e,
  0x39,0x36,0x38,0x37,0x35,0x20,0x33,0x39,0x35,0x2e,0x33,0x35,0x39,0x33,0x37,0x35,
  0x20,0x37,0x32,0x34,0x2e,0x34,0x34,0x35,0x33,0x31,0x32,0x20,0x33,0x38,0x37,0x2e,
  0x37,0x34,0x36,0x30,0x39,0x34,0x20,0x37,0x32,0x37,0x2e,0x35,0x31,0x31,0x37,0x31,
  0x39,0x20,0x33,0x38,0x32,0x2e,0x34,0x30,0x36,0x32,0x35,0x20,0x43,0x20,0x37,0x33,
  0x30,0x2e,0x35,0x37,0x38,0x31,0x32,0x35,0x20,0x33,0x37,0x37,0x2e,0x30,0x36,0x36,
  0x34,0x30,0x36,0x20,0x37,0x33,0x35,0x2e,0x38,0x30,0x34,0x36,0x38,0x38,0x20,0x33,
  0x37,0x34,0x2e,0x34,0x35,0x33,0x31,0x32,0x35,0x20,0x37,0x34,0x33,0x2e,0x34,0x31,
  0x37,0x39,0x36,0x39,0x20,0x33,0x37,0x34,0x2e,0x34,0x35,0x33,0x31,0x32,0x35,0x20,
  0x43,0x20,0x37,0x35,0x31,0x2e,0x30,0x33,0x31,0x32,0x35,0x20,0x33,0x37,0x34,0x2e,
  0x34,0x35,0x33,0x31,0x32,0x35,0x20,0x37,0x35,0x36,0x2e,0x32,0x35,0x37,0x38,0x31,
  0x32,0x20,0x33,0x37,0x37,0x2e,0x30,0x36,0x36,0x34,0x30,0x36,0x20,0x37,0x35,0x39,
  0x2e,0x33,0x32,0x34,0x32,0x31,0x39,0x20,0x33,0x38,0x32,0x2e,0x34,0x30,0x36,0x32,
  0x35,0x20,0x43,0x20,0x37,0x36,0x32,0x2e,0x33,0x39,0x30,0x36,0x32,0x35,0x20,0x33,
  0x38,0x37,0x2e,0x37,0x34,0x36,0x30,0x39,0x34,0x20,0x37,0x36,0x33,0x2e,0x38,0x36,
  0x37,0x31,0x38,0x38,0x20,0x33,0x39,0x35,0x2e,0x32,0x34,0x32,0x31,0x38,0x38,0x20,
  0x37,0x36,0x33,0x2e,0x38,0x36,0x37,0x31,0x38,0x38,0x20,0x34,0x30,0x35,0x2e,0x31,
  0x32,0x38,0x39,0x30,0x36,0x20,0x43,0x20,0x37,0x36,0x33,0x2e,0x38,0x36,0x37,0x31,
  0x38,0x38,0x20,0x34,0x31,0x34,0x2e,0x38,0x39,0x38,0x34,0x33,0x38,0x20,0x37,0x36,
  0x32,0x2e,0x33,0x39,0x30,0x36,0x32,0x35,0x20,0x34,0x32,0x32,0x2e,0x35,0x31,0x31,
  0x37,0x31,0x39,0x20,0x37,0x35,0x39,0x2e,0x33,0x32,0x34,0x32,0x31,0x39,0x20,0x34,
  0x32,0x37,0x2e,0x37,0x33,0x38,0x32,0x38,0x31,0x20,0x43,0x20,0x37,0x35,0x36,0x2e,
  0x32,0x35,0x37,0x38,0x31,0x32,0x20,0x34,0x33,0x33,0x2e,0x30,0x37,0x38,0x31,0x32,
  0x35,0x20,0x37,0x35,0x30,0x2e,0x39,0x31,0x37,0x39,0x36,0x39,0x20,0x34,0x33,0x35,
  0x2e,0x36,0x39,0x31,0x34,0x30,0x36,0x20,0x37,0x34,0x33,0x2e,0x34,0x31,0x37,0x39,
  0x36,0x39,0x20,0x34,0x33,0x35,0x2e,0x36,0x39,0x31,0x34,0x30,0x36,0x20,0x5a,0x20,
  0x4d,0x20,0x37,0x35,0x30,0x2e,0x32,0x33,0x34,0x33,0x37,0x35,0x20,0x34,0x32,0x30,
  0x2e,0x38,0x30,0x38,0x35,0x39,0x34,0x20,0x43,0x20,0x37,0x35,0x31,0x2e,0x32,0x35,
  0x37,0x38,0x31,0x32,0x20,0x34,0x31,0x37,0x2e,0x31,0x37,0x31,0x38,0x37,0x35,0x20,
  0x37,0x35,0x31,0x2e,0x38,0x32,0x34,0x32,0x31,0x39,0x20,0x34,0x31,0x31,0x2e,0x39,
  0x34,0x35,0x33,0x31,0x32,0x20,0x37,0x35,0x31,0x2e,0x38,0x32,0x34,0x32,0x31,0x39,
  0x20,0x34,0x30,0x35,0x2e,0x31,0x32,0x38,0x39,0x30,0x36,0x20,0x43,0x20,0x37,0x35,
  0x31,0x2e,0x38,0x32,0x34,0x32,0x31,0x39,0x20,0x33,0x39,0x37,0x2e,0x39,0x37,0x32,
  0x36,0x35,0x36,0x20,0x37,0x35,0x31,0x2e,0x32,0x35,0x37,0x38,0x31,0x32,0x20,0x33,
  0x39,0x32,0x2e,0x36,0x32,0x38,0x39,0x30,0x36,0x20,0x37,0x35,0x30,0x2e,0x32,0x33,
  0x34,0x33,0x37,0x35,0x20,0x33,0x38,0x39,0x2e,0x32,0x32,0x32,0x36,0x35,0x36,0x20,
  0x43,0x20,0x37,0x34,0x39,0x2e,0x32,0x31,0x30,0x39,0x33,0x38,0x20,0x33,0x38,0x35,
  0x2e,0x38,0x31,0x32,0x35,0x20,0x37,0x34,0x36,0x2e,0x39,0x34,0x31,0x34,0x30,0x36,
  0x20,0x33,0x38,0x34,0x2e,0x31,0x30,0x39,0x33,0x37,0x35,0x20,0x37,0x34,0x33,0x2e,
  0x34,0x31,0x37,0x39,0x36,0x39,0x20,0x33,0x38,0x34,0x2e,0x31,0x30,0x39,0x33,0x37,
  0x35,0x20,0x43,0x20,0x37,0x34,0x30,0x2e,0x30,0x30,0x37,0x38,0x31,0x32,0x20,0x33,
  0x38,0x34,0x2e,0x31,0x30,0x39,0x33,0x37,0x35,0x20,0x37,0x33,0x37,0x2e,0x36,0x32,
  0x35,0x20,0x33,0x38,0x35,0x2e,0x38,0x31,0x32,0x35,0x20,0x37,0x33,0x36,0x2e,0x34,
  0x38,0x38,0x32,0x38,0x31,0x20,0x33,0x38,0x39,0x2e,0x32,0x32,0x32,0x36,0x35,0x36,
  0x20,0x43,0x20,0x37,0x33,0x35,0x2e,0x33,0x35,0x31,0x35,0x36,0x32,0x20,0x33,0x39,
  0x32,0x2e,0x36,0x32,0x38,0x39,0x30,0x36,0x20,0x37,0x33,0x34,0x2e,0x37,0x38,0x35,
  0x31,0x35,0x36,0x20,0x33,0x39,0x37,0x2e,0x39,0x37,0x32,0x36,0x35,0x36,0x20,0x37,
  0x33,0x34,0x2e,0x37,0x38,0x35,0x31,0x35,0x36,0x20,0x34,0x30,0x35,0x2e,0x31,0x32,
  0x38,0x39,0x30,0x36,0x20,0x43,0x20,0x37,0x33,0x34,0x2e,0x37,0x38,0x35,0x31,0x35,
  0x36,0x20,0x34,0x31,0x31,0x2e,0x39,0x34,0x35,0x33,0x31,0x32,0x20,0x37,0x33,0x35,
  0x2e,0x33,0x35,0x31,0x35,0x36,0x32,0x20,0x34,0x31,0x37,0x2e,0x31,0x37,0x31,0x38,
  0x37,0x35,0x20,0x37,0x33,0x36,0x2e,0x34,0x38,0x38,0x32,0x38,0x31,0x20,0x34,0x32,
  0x30,0x2e,0x38,0x30,0x38,0x35,0x39,0x34,0x20,0x43,0x20,0x37,0x33,0x37,0x2e,0x36,
  0x32,0x35,0x20,0x34,0x32,0x34,0x2e,0x34,0x34,0x31,0x34,0x30,0x36,0x20,0x37,0x33,
  0x39,0x2e,0x38,0x39,0x34,0x35,0x33,0x31,0x20,0x34,0x32,0x36,0x2e,0x32,0x36,0x31,
  0x37,0x31,0x39,0x20,0x37,0x34,0x33,0x2e,0x34,0x31,0x37,0x39,0x36,0x39,0x20,0x34,
  0x32,0x36,0x2e,0x32,0x36,0x31,0x37,0x31,0x39,0x20,0x43,0x20,0x37,0x34,0x36,0x2e,
  0x38,0x32,0x38,0x31,0x32,0x35,0x20,0x34,0x32,0x36,0x2e,0x32,0x36,0x31,0x37,0x31,
  0x39,0x20,0x37,0x34,0x39,0x2e,0x30,0x39,0x37,0x36,0x35,0x36,0x20,0x34,0x32,0x34,
  0x2e,0x34,0x34,0x31,0x34,0x30,0x36,0x20,0x37,0x35,0x30,0x2e,0x32,0x33,0x34,0x33,
  0x37,0x35,0x20,0x34,0x32,0x30,0x2e,0x38,0x30,0x38,0x35,0x39,0x34,0x20,0x5a,0x20,
  0x4d,0x20,0x37,0x35,0x30,0x2e,0x32,0x33,0x34,0x33,0x37,0x35,0x20,0x34,0x32,0x30,
  0x2e,0x38,0x30,0x38,0x35,0x39,0x34,0x20,0x22,0x2f,0x3e,0x3c,0x2f,0x67,0x3e,0x3c,
  0x2f,0x73,0x76,0x67,0x3e,
  
};

static const unsigned char qt_resource_name[] = {
  // assets
  0x0,0x6,
  0x6,0x8a,0x9c,0xb3,
  0x0,0x61,
  0x0,0x73,0x0,0x73,0x0,0x65,0x0,0x74,0x0,0x73,
    // qml
  0x0,0x3,
  0x0,0x0,0x78,0x3c,
  0x0,0x71,
  0x0,0x6d,0x0,0x6c,
    // Main.qml
  0x0,0x8,
  0x8,0x1,0x5e,0x5c,
  0x0,0x4d,
  0x0,0x61,0x0,0x69,0x0,0x6e,0x0,0x2e,0x0,0x71,0x0,0x6d,0x0,0x6c,
    // signs
  0x0,0x5,
  0x0,0x79,0xfe,0x53,
  0x0,0x73,
  0x0,0x69,0x0,0x67,0x0,0x6e,0x0,0x73,
    // 40.svg
  0x0,0x6,
  0x3,0x73,0x5a,0xc7,
  0x0,0x34,
  0x0,0x30,0x0,0x2e,0x0,0x73,0x0,0x76,0x0,0x67,
    // 50.svg
  0x0,0x6,
  0x3,0x83,0x5a,0xc7,
  0x0,0x35,
  0x0,0x30,0x0,0x2e,0x0,0x73,0x0,0x76,0x0,0x67,
    // 100.svg
  0x0,0x7,
  0x4,0x33,0x5a,0xa7,
  0x0,0x31,
  0x0,0x30,0x0,0x30,0x0,0x2e,0x0,0x73,0x0,0x76,0x0,0x67,
    // 120.svg
  0x0,0x7,
  0x4,0x53,0x5a,0xa7,
  0x0,0x31,
  0x0,0x32,0x0,0x30,0x0,0x2e,0x0,0x73,0x0,0x76,0x0,0x67,
    // 30.svg
  0x0,0x6,
  0x3,0x63,0x5a,0xc7,
  0x0,0x33,
  0x0,0x30,0x0,0x2e,0x0,0x73,0x0,0x76,0x0,0x67,
    // 80.svg
  0x0,0x6,
  0x3,0xb3,0x5a,0xc7,
  0x0,0x38,
  0x0,0x30,0x0,0x2e,0x0,0x73,0x0,0x76,0x0,0x67,
    // 20.svg
  0x0,0x6,
  0x3,0x53,0x5a,0xc7,
  0x0,0x32,
  0x0,0x30,0x0,0x2e,0x0,0x73,0x0,0x76,0x0,0x67,
    // 60.svg
  0x0,0x6,
  0x3,0x93,0x5a,0xc7,
  0x0,0x36,
  0x0,0x30,0x0,0x2e,0x0,0x73,0x0,0x76,0x0,0x67,
  
};

static const unsigned char qt_resource_struct[] = {
  // :
  0x0,0x0,0x0,0x0,0x0,0x2,0x0,0x0,0x0,0x2,0x0,0x0,0x0,0x1,
0x0,0x0,0x0,0x0,0x0,0x0,0x0,0x0,
  // :/qml
  0x0,0x0,0x0,0x12,0x0,0x2,0x0,0x0,0x0,0x1,0x0,0x0,0x0,0xc,
0x0,0x0,0x0,0x0,0x0,0x0,0x0,0x0,
  // :/assets
  0x0,0x0,0x0,0x0,0x0,0x2,0x0,0x0,0x0,0x1,0x0,0x0,0x0,0x3,
0x0,0x0,0x0,0x0,0x0,0x0,0x0,0x0,
  // :/assets/signs
  0x0,0x0,0x0,0x34,0x0,0x2,0x0,0x0,0x0,0x8,0x0,0x0,0x0,0x4,
0x0,0x0,0x0,0x0,0x0,0x0,0x0,0x0,
  // :/assets/signs/20.svg
  0x0,0x0,0x0,0xb4,0x0,0x0,0x0,0x0,0x0,0x1,0x0,0x0,0x67,0x42,
0x0,0x0,0x1,0x98,0xc7,0x25,0x4a,0x42,
  // :/assets/signs/30.svg
  0x0,0x0,0x0,0x90,0x0,0x0,0x0,0x0,0x0,0x1,0x0,0x0,0x43,0x60,
0x0,0x0,0x1,0x98,0xc7,0x25,0x4a,0x49,
  // :/assets/signs/40.svg
  0x0,0x0,0x0,0x44,0x0,0x0,0x0,0x0,0x0,0x1,0x0,0x0,0x8,0x18,
0x0,0x0,0x1,0x98,0xc7,0x25,0x4a,0x51,
  // :/assets/signs/50.svg
  0x0,0x0,0x0,0x56,0x0,0x0,0x0,0x0,0x0,0x1,0x0,0x0,0x13,0x72,
0x0,0x0,0x1,0x98,0xc7,0x25,0x4a,0x58,
  // :/assets/signs/60.svg
  0x0,0x0,0x0,0xc6,0x0,0x0,0x0,0x0,0x0,0x1,0x0,0x0,0x75,0xfa,
0x0,0x0,0x1,0x98,0xc7,0x29,0x46,0x35,
  // :/assets/signs/80.svg
  0x0,0x0,0x0,0xa2,0x0,0x0,0x0,0x0,0x0,0x1,0x0,0x0,0x54,0x95,
0x0,0x0,0x1,0x98,0xc7,0x25,0x4a,0x69,
  // :/assets/signs/100.svg
  0x0,0x0,0x0,0x68,0x0,0x0,0x0,0x0,0x0,0x1,0x0,0x0,0x22,0x5a,
0x0,0x0,0x1,0x98,0xc7,0x25,0x4a,0x6f,
  // :/assets/signs/120.svg
  0x0,0x0,0x0,0x7c,0x0,0x0,0x0,0x0,0x0,0x1,0x0,0x0,0x32,0xca,
0x0,0x0,0x1,0x98,0xc7,0x25,0x4a,0x78,
  // :/qml/Main.qml
  0x0,0x0,0x0,0x1e,0x0,0x1,0x0,0x0,0x0,0x1,0x0,0x0,0x0,0x0,
0x0,0x0,0x1,0x99,0x75,0xfb,0xe8,0xd1,

};

#ifdef QT_NAMESPACE
#  define QT_RCC_PREPEND_NAMESPACE(name) ::QT_NAMESPACE::name
#  define QT_RCC_MANGLE_NAMESPACE0(x) x
#  define QT_RCC_MANGLE_NAMESPACE1(a, b) a##_##b
#  define QT_RCC_MANGLE_NAMESPACE2(a, b) QT_RCC_MANGLE_NAMESPACE1(a,b)
#  define QT_RCC_MANGLE_NAMESPACE(name) QT_RCC_MANGLE_NAMESPACE2( \
        QT_RCC_MANGLE_NAMESPACE0(name), QT_RCC_MANGLE_NAMESPACE0(QT_NAMESPACE))
#else
#   define QT_RCC_PREPEND_NAMESPACE(name) name
#   define QT_RCC_MANGLE_NAMESPACE(name) name
#endif

#if defined(QT_INLINE_NAMESPACE)
inline namespace QT_NAMESPACE {
#elif defined(QT_NAMESPACE)
namespace QT_NAMESPACE {
#endif

bool qRegisterResourceData(int, const unsigned char *, const unsigned char *, const unsigned char *);
bool qUnregisterResourceData(int, const unsigned char *, const unsigned char *, const unsigned char *);

#if defined(__ELF__) || defined(__APPLE__)
static inline unsigned char qResourceFeatureZlib()
{
    extern const unsigned char qt_resourceFeatureZlib;
    return qt_resourceFeatureZlib;
}
#else
unsigned char qResourceFeatureZlib();
#endif

#ifdef QT_NAMESPACE
}
#endif

int QT_RCC_MANGLE_NAMESPACE(qInitResources_resources)();
int QT_RCC_MANGLE_NAMESPACE(qInitResources_resources)()
{
    int version = 3;
    QT_RCC_PREPEND_NAMESPACE(qRegisterResourceData)
        (version, qt_resource_struct, qt_resource_name, qt_resource_data);
    return 1;
}

int QT_RCC_MANGLE_NAMESPACE(qCleanupResources_resources)();
int QT_RCC_MANGLE_NAMESPACE(qCleanupResources_resources)()
{
    int version = 3;
    version += QT_RCC_PREPEND_NAMESPACE(qResourceFeatureZlib());
    QT_RCC_PREPEND_NAMESPACE(qUnregisterResourceData)
       (version, qt_resource_struct, qt_resource_name, qt_resource_data);
    return 1;
}

#ifdef __clang__
#   pragma clang diagnostic push
#   pragma clang diagnostic ignored "-Wexit-time-destructors"
#endif

namespace {
   struct initializer {
       initializer() { QT_RCC_MANGLE_NAMESPACE(qInitResources_resources)(); }
       ~initializer() { QT_RCC_MANGLE_NAMESPACE(qCleanupResources_resources)(); }
   } dummy;
}

#ifdef __clang__
#   pragma clang diagnostic pop
#endif
